ticker,date,open,high,low,close,volume
AAPL,2023-02-14,150.09,151.72,148.84,151.15,61707600
AAPL,2023-02-15,151.06,153.42,150.84,153.26,65573800
AAPL,2023-02-16,151.46,154.24,151.3,151.66,68167900
AAPL,2023-02-17,150.31,150.96,148.83,150.51,59144100
AAPL,2023-02-21,148.19,149.28,146.43,146.5,58867200
AAPL,2023-02-22,146.88,147.95,145.19,146.92,51011300
AAPL,2023-02-23,148.09,148.33,145.27,147.4,48394200
AAPL,2023-02-24,145.14,145.22,143.77,144.75,55469600
AAPL,2023-02-27,145.74,147.18,145.48,145.94,44998500
AAPL,2023-02-28,145.09,147.09,144.87,145.44,50547000
AAPL,2023-03-01,144.87,145.26,143.07,143.37,55479000
AAPL,2023-03-02,142.45,144.75,141.98,143.96,52238100
AAPL,2023-03-03,146.06,149.09,145.36,149.01,70732300
AAPL,2023-03-06,151.74,154.21,151.41,151.78,87558000
AAPL,2023-03-07,151.65,151.97,149.11,149.57,56182000
AAPL,2023-03-08,150.77,151.42,149.8,150.83,47204800
AAPL,2023-03-09,151.51,152.48,148.22,148.58,53833600
AAPL,2023-03-10,148.2,148.92,145.64,146.52,68572400
AAPL,2023-03-13,145.84,151.09,145.73,148.46,84457100
AAPL,2023-03-14,149.26,151.35,148.09,150.55,73695900
AAPL,2023-03-15,149.17,151.2,147.92,150.95,77167900
AAPL,2023-03-16,150.13,154.37,149.61,153.77,76161100
AAPL,2023-03-17,154.0,154.65,152.22,152.93,98944600
AAPL,2023-03-20,153.0,155.71,152.09,155.3,73641400
AAPL,2023-03-21,155.22,157.27,154.45,157.15,73938300
AAPL,2023-03-22,157.17,159.97,155.7,155.72,75701800
AAPL,2023-03-23,156.71,159.39,155.57,156.81,67622100
AAPL,2023-03-24,156.74,158.2,155.74,158.11,59196500
AAPL,2023-03-27,157.8,158.62,155.76,156.17,52390300
AAPL,2023-03-28,155.86,156.37,153.9,155.54,45992200
AAPL,2023-03-29,157.24,158.9,157.22,158.62,51305700
AAPL,2023-03-30,159.37,160.3,159.12,160.19,49501700
AAPL,2023-03-31,160.27,162.8,159.75,162.7,68749800
AAPL,2023-04-03,162.08,164.07,162.03,163.95,56976200
AAPL,2023-04-04,164.37,164.61,162.9,163.42,46278300
AAPL,2023-04-05,162.54,162.85,159.64,161.57,51511700
AAPL,2023-04-06,160.26,162.76,159.84,162.46,45390100
AAPL,2023-04-10,159.26,159.87,157.94,159.87,47716900
AAPL,2023-04-11,160.18,160.19,158.37,158.65,47644200
AAPL,2023-04-12,159.07,159.9,157.65,157.96,50133100
AAPL,2023-04-13,159.47,163.59,159.26,163.35,68445600
AAPL,2023-04-14,162.39,164.1,161.63,163.0,49386500
AAPL,2023-04-17,162.88,163.18,161.84,163.02,41516200
AAPL,2023-04-18,163.88,165.17,163.44,164.25,49923000
AAPL,2023-04-19,163.59,165.91,163.33,165.39,47720200
AAPL,2023-04-20,163.87,165.63,163.35,164.42,52456400
AAPL,2023-04-21,162.85,164.23,162.29,162.82,58337300
AAPL,2023-04-24,162.8,163.39,161.7,163.12,41949600
AAPL,2023-04-25,162.98,164.09,161.54,161.58,48714100
AAPL,2023-04-26,160.88,163.07,160.63,161.57,45498800
AAPL,2023-04-27,162.98,166.31,162.98,166.16,64902300
AAPL,2023-04-28,166.24,167.58,165.64,167.41,55275900
AAPL,2023-05-01,167.02,168.17,166.39,167.32,52472900
AAPL,2023-05-02,167.82,168.07,165.3,166.29,48425700
AAPL,2023-05-03,167.24,168.64,164.93,165.21,65136000
AAPL,2023-05-04,162.69,164.81,162.12,163.58,81235400
AAPL,2023-05-05,168.7,171.97,168.48,171.25,113453200
AAPL,2023-05-08,170.18,171.53,169.81,171.18,55962800
AAPL,2023-05-09,170.74,171.22,169.31,169.48,45326900
AAPL,2023-05-10,170.71,171.71,169.6,171.24,53724500
AAPL,2023-05-11,171.53,172.26,169.87,171.43,49514700
AAPL,2023-05-12,171.54,171.97,168.95,170.5,45533100
MSFT,2024-06-12,430.49,438.48,428.45,436.17,22366200
MSFT,2024-06-13,435.96,438.47,434.5,436.68,15960600
MSFT,2024-06-14,433.42,438.23,431.88,437.66,13582000
MSFT,2024-06-17,437.68,445.94,435.83,443.4,20790000
MSFT,2024-06-18,444.72,445.15,439.96,441.39,17112500
MSFT,2024-06-20,441.35,441.58,436.38,440.76,19877400
MSFT,2024-06-21,442.42,445.58,441.56,444.79,34187100
MSFT,2024-06-24,444.81,447.73,441.46,442.71,15913700
MSFT,2024-06-25,443.28,446.41,441.8,445.95,16413400
MSFT,2024-06-26,444.02,448.57,443.22,447.15,16507000
MSFT,2024-06-27,447.17,451.11,446.76,447.83,14806300
MSFT,2024-06-28,448.05,450.33,441.46,441.99,28362300
MSFT,2024-07-01,443.69,452.3,440.72,451.67,17662800
MSFT,2024-07-02,448.17,454.49,448.09,454.19,13979800
MSFT,2024-07-03,453.11,455.91,452.8,455.66,9932800
MSFT,2024-07-05,454.51,463.16,453.88,462.38,16000300
MSFT,2024-07-08,461.38,462.51,459.31,461.07,12962300
MSFT,2024-07-09,461.82,462.15,452.92,454.44,17207200
MSFT,2024-07-10,456.11,461.29,453.77,461.08,18196100
MSFT,2024-07-11,457.85,459.63,446.54,449.66,23111200
MSFT,2024-07-12,449.29,451.3,445.65,448.52,16324300
MSFT,2024-07-15,448.27,452.19,446.42,448.93,14429400
MSFT,2024-07-16,449.18,449.26,441.71,444.54,17175700
MSFT,2024-07-17,437.68,439.92,434.31,438.6,21778000
MSFT,2024-07-18,439.41,439.72,429.58,435.49,20794800
MSFT,2024-07-19,428.3,436.25,427.21,432.26,20940400
MSFT,2024-07-22,436.89,439.67,434.04,438.03,15808800
MSFT,2024-07-23,438.98,443.42,438.19,439.92,13107100
MSFT,2024-07-24,435.57,436.58,422.85,424.14,26805800
MSFT,2024-07-25,424.05,425.03,412.88,413.76,29943800
MSFT,2024-07-26,413.56,424.16,412.64,420.55,23583800
MSFT,2024-07-29,426.79,427.36,419.99,422.0,15125800
MSFT,2024-07-30,422.98,424.29,412.73,418.23,32687600
MSFT,2024-07-31,415.84,417.1,407.64,413.71,42891400
MSFT,2024-08-01,416.12,422.72,408.51,412.48,30296400
MSFT,2024-08-02,407.92,410.4,399.86,403.96,29437900
MSFT,2024-08-05,384.85,396.59,381.3,390.77,40709200
MSFT,2024-08-06,395.56,401.17,394.08,395.18,24946500
MSFT,2024-08-07,404.11,405.53,393.06,394.01,20650900
MSFT,2024-08-08,397.98,401.36,395.51,398.22,20203000
MSFT,2024-08-09,399.55,403.53,397.8,401.52,19276700
MSFT,2024-08-12,402.55,404.23,399.76,402.3,16762900
MSFT,2024-08-13,405.05,410.35,405.03,409.42,19414300
MSFT,2024-08-14,410.2,413.09,407.88,412.24,18267000
MSFT,2024-08-15,415.89,417.19,413.77,417.11,20752100
MSFT,2024-08-16,416.69,417.42,413.42,414.58,22775600
MSFT,2024-08-19,415.06,417.83,412.58,417.61,15234000
MSFT,2024-08-20,417.78,421.9,417.72,420.85,16387600
MSFT,2024-08-21,420.13,422.43,417.8,420.19,16067300
MSFT,2024-08-22,420.41,422.82,410.75,411.68,19361900
MSFT,2024-08-23,413.1,415.36,408.26,412.91,18493800
MSFT,2024-08-26,412.5,413.4,407.51,409.64,13152800
MSFT,2024-08-27,409.02,410.5,406.43,409.99,13492900
MSFT,2024-08-28,411.02,411.14,403.52,406.78,14882700
MSFT,2024-08-29,411.08,418.12,406.78,409.28,17045200
MSFT,2024-08-30,411.73,413.6,408.29,413.26,24308300
MSFT,2024-09-03,414.02,415.97,403.24,405.63,20313600
MSFT,2024-09-04,402.13,407.41,400.61,405.09,15135800
MSFT,2024-09-05,403.83,409.26,402.35,404.59,14195500
MSFT,2024-09-06,405.25,406.83,397.07,397.96,19609500
MSFT,2024-09-09,403.45,404.85,398.41,401.94,15295100
MSFT,2024-09-10,404.4,412.46,403.91,410.35,19594300
MSFT,2024-09-11,411.63,420.04,405.77,419.1,19266900
AMZN,2013-12-04,19.17,19.48,19.07,19.3,47106000
AMZN,2013-12-05,19.33,19.33,19.07,19.22,38130000
AMZN,2013-12-06,19.42,19.42,19.19,19.35,39694000
AMZN,2013-12-09,19.41,19.41,19.13,19.24,55236000
AMZN,2013-12-10,19.19,19.45,19.15,19.39,54736000
AMZN,2013-12-11,19.37,19.45,19.1,19.11,49026000
AMZN,2013-12-12,19.06,19.25,18.98,19.06,42474000
AMZN,2013-12-13,19.27,19.47,19.19,19.21,60500000
AMZN,2013-12-16,19.25,19.58,19.25,19.45,45034000
AMZN,2013-12-17,19.53,19.57,19.33,19.38,46878000
AMZN,2013-12-18,19.46,19.82,19.16,19.8,69782000
AMZN,2013-12-19,19.71,19.86,19.63,19.76,48544000
AMZN,2013-12-20,19.83,20.24,19.79,20.11,100678000
AMZN,2013-12-23,20.18,20.25,19.96,20.15,53190000
AMZN,2013-12-24,20.13,20.19,19.82,19.96,27608000
AMZN,2013-12-26,20.09,20.23,19.84,20.22,37370000
AMZN,2013-12-27,20.23,20.28,19.81,19.9,39738000
AMZN,2013-12-30,19.97,20.0,19.62,19.67,49742000
AMZN,2013-12-31,19.73,19.94,19.69,19.94,39930000
AMZN,2014-01-02,19.94,19.97,19.7,19.9,42756000
AMZN,2014-01-03,19.91,20.14,19.81,19.82,44204000
AMZN,2014-01-06,19.79,19.85,19.42,19.68,63412000
AMZN,2014-01-07,19.75,19.92,19.71,19.9,38320000
AMZN,2014-01-08,19.92,20.15,19.8,20.1,46330000
AMZN,2014-01-09,20.19,20.34,19.92,20.05,42060000
AMZN,2014-01-10,20.13,20.19,19.69,19.88,53590000
AMZN,2014-01-13,19.9,19.99,19.42,19.55,56898000
AMZN,2014-01-14,19.61,19.93,19.56,19.88,46802000
AMZN,2014-01-15,19.95,19.97,19.63,19.79,53566000
AMZN,2014-01-16,19.68,19.96,19.47,19.79,52024000
AMZN,2014-01-17,19.71,20.17,19.68,19.98,90102000
AMZN,2014-01-21,20.15,20.39,20.08,20.35,62442000
AMZN,2014-01-22,20.4,20.4,20.1,20.23,41210000
AMZN,2014-01-23,20.05,20.31,19.89,19.99,60508000
AMZN,2014-01-24,19.91,20.01,19.36,19.38,89168000
AMZN,2014-01-27,19.52,19.7,19.02,19.31,78736000
AMZN,2014-01-28,19.37,19.74,19.36,19.72,57890000
AMZN,2014-01-29,19.61,19.64,19.16,19.21,67646000
AMZN,2014-01-30,19.69,20.31,19.39,20.15,209478000
AMZN,2014-01-31,18.59,18.77,17.89,17.93,323096000
AMZN,2014-02-03,17.95,18.04,17.0,17.31,205616000
AMZN,2014-02-04,17.48,17.7,17.2,17.4,96258000
AMZN,2014-02-05,17.3,17.47,16.89,17.32,88708000
AMZN,2014-02-06,17.37,17.74,17.37,17.73,66714000
AMZN,2014-02-07,17.95,18.09,17.62,18.05,86610000
AMZN,2014-02-10,18.08,18.25,17.97,18.04,68994000
AMZN,2014-02-11,18.09,18.18,17.81,18.09,64442000
AMZN,2014-02-12,17.82,17.89,17.32,17.46,131754000
AMZN,2014-02-13,17.39,17.86,17.33,17.86,83500000
AMZN,2014-02-14,17.97,17.97,17.67,17.87,70404000
AMZN,2014-02-18,17.76,17.79,17.47,17.68,99960000
AMZN,2014-02-19,17.63,17.73,17.31,17.37,83362000
AMZN,2014-02-20,17.44,17.52,17.22,17.49,69856000
AMZN,2014-02-21,17.62,17.71,17.34,17.34,84200000
AMZN,2014-02-24,17.26,17.65,17.16,17.59,72894000
AMZN,2014-02-25,17.65,18.05,17.58,17.92,74728000
AMZN,2014-02-26,17.99,18.24,17.86,17.99,72442000
AMZN,2014-02-27,17.86,18.03,17.77,18.01,62098000
AMZN,2014-02-28,18.03,18.29,17.85,18.1,77640000
AMZN,2014-03-03,17.94,18.05,17.72,17.99,55966000
TSLA,2016-02-23,11.74,12.12,11.58,11.81,89766000
TSLA,2016-02-24,11.52,11.97,11.19,11.93,80934000
TSLA,2016-02-25,11.91,12.57,11.68,12.5,86260500
TSLA,2016-02-26,12.58,12.8,12.33,12.69,90976500
TSLA,2016-02-29,12.83,13.09,12.61,12.8,67485000
TSLA,2016-03-01,12.95,13.06,12.18,12.42,100683000
TSLA,2016-03-02,12.25,12.57,12.1,12.56,72936000
TSLA,2016-03-03,12.55,13.16,12.28,13.05,72435000
TSLA,2016-03-04,13.2,13.6,13.17,13.4,97336500
TSLA,2016-03-07,13.18,13.98,13.16,13.69,79941000
TSLA,2016-03-08,13.57,13.83,13.48,13.51,62680500
TSLA,2016-03-09,13.63,13.96,13.52,13.91,48129000
TSLA,2016-03-10,14.0,14.22,13.38,13.68,77887500
TSLA,2016-03-11,13.86,13.96,13.69,13.83,50146500
TSLA,2016-03-14,14.18,14.45,14.04,14.34,60985500
TSLA,2016-03-15,14.28,14.6,14.1,14.56,47707500
TSLA,2016-03-16,14.53,14.84,14.47,14.8,52750500
TSLA,2016-03-17,14.76,15.23,14.67,15.09,56743500
TSLA,2016-03-18,15.27,15.63,15.2,15.52,70677000
TSLA,2016-03-21,15.69,15.99,15.67,15.89,79617000
TSLA,2016-03-22,15.81,15.93,15.5,15.62,64740000
TSLA,2016-03-23,15.49,15.65,14.8,14.84,74232000
TSLA,2016-03-24,14.39,15.26,14.33,15.18,74413500
TSLA,2016-03-28,15.44,15.65,15.0,15.35,58885500
TSLA,2016-03-29,15.33,15.49,15.02,15.34,60214500
TSLA,2016-03-30,15.67,15.7,15.1,15.13,60495000
TSLA,2016-03-31,15.29,15.83,15.0,15.32,120193500
TSLA,2016-04-01,16.32,16.53,15.55,15.84,239962500
TSLA,2016-04-04,16.61,16.81,16.24,16.47,202129500
TSLA,2016-04-05,16.03,17.1,16.0,17.03,149230500
TSLA,2016-04-06,16.93,17.85,16.9,17.69,175582500
TSLA,2016-04-07,17.76,17.96,16.97,17.15,132843000
TSLA,2016-04-08,17.37,17.39,16.53,16.67,110458500
TSLA,2016-04-11,16.73,17.27,16.35,16.66,137425500
TSLA,2016-04-12,16.63,16.79,16.24,16.52,86448000
TSLA,2016-04-13,16.57,17.03,16.49,16.97,73884000
TSLA,2016-04-14,16.87,17.12,16.74,16.79,61983000
TSLA,2016-04-15,16.75,16.97,16.61,16.97,56286000
TSLA,2016-04-18,16.82,17.22,16.78,16.93,64071000
TSLA,2016-04-19,16.87,16.96,16.08,16.49,95362500
TSLA,2016-04-20,16.42,16.91,16.1,16.66,77911500
TSLA,2016-04-21,16.6,16.73,16.46,16.55,41746500
TSLA,2016-04-22,16.59,16.93,16.38,16.92,56794500
TSLA,2016-04-25,16.87,17.16,16.72,16.79,55054500
TSLA,2016-04-26,16.8,17.05,16.63,16.92,48357000
TSLA,2016-04-27,16.85,17.0,16.63,16.76,48087000
TSLA,2016-04-28,16.66,16.9,16.5,16.51,37785000
TSLA,2016-04-29,16.54,16.56,15.85,16.05,81207000
TSLA,2016-05-02,16.1,16.21,15.65,16.12,57658500
TSLA,2016-05-03,15.82,15.93,15.44,15.49,64533000
TSLA,2016-05-04,15.35,15.63,14.69,14.84,130507500
TSLA,2016-05-05,15.23,15.24,13.99,14.1,168822000
TSLA,2016-05-06,14.06,14.42,13.87,14.33,85278000
TSLA,2016-05-09,14.38,14.41,13.79,13.93,71646000
TSLA,2016-05-10,13.84,13.96,13.67,13.91,61059000
TSLA,2016-05-11,13.84,14.37,13.74,13.93,77428500
TSLA,2016-05-12,14.1,14.11,13.58,13.82,54757500
TSLA,2016-05-13,13.85,14.08,13.78,13.84,42342000
TSLA,2016-05-16,13.88,14.21,13.86,13.89,44241000
TSLA,2016-05-17,13.94,13.99,13.6,13.64,42654000
TSLA,2016-05-18,13.94,14.35,13.85,14.08,84262500
TSLA,2016-05-19,14.24,14.45,13.82,14.35,102994500
TSLA,2016-05-20,14.47,14.7,14.42,14.69,135106500
NVDA,2014-12-31,0.49,0.49,0.48,0.48,166300000
NVDA,2015-01-02,0.48,0.49,0.48,0.48,113680000
NVDA,2015-01-05,0.48,0.48,0.47,0.47,197952000
NVDA,2015-01-06,0.48,0.48,0.46,0.46,197764000
NVDA,2015-01-07,0.46,0.47,0.46,0.46,321808000
NVDA,2015-01-08,0.46,0.48,0.46,0.48,283780000
NVDA,2015-01-09,0.48,0.48,0.47,0.48,209540000
NVDA,2015-01-12,0.48,0.48,0.47,0.47,190732000
NVDA,2015-01-13,0.48,0.49,0.47,0.47,236720000
NVDA,2015-01-14,0.47,0.48,0.47,0.47,155260000
NVDA,2015-01-15,0.48,0.48,0.47,0.47,188932000
NVDA,2015-01-16,0.47,0.48,0.47,0.48,181512000
NVDA,2015-01-20,0.48,0.48,0.47,0.48,140308000
NVDA,2015-01-21,0.48,0.49,0.47,0.49,144780000
NVDA,2015-01-22,0.49,0.5,0.48,0.5,159712000
NVDA,2015-01-23,0.5,0.5,0.49,0.5,120416000
NVDA,2015-01-26,0.49,0.5,0.49,0.49,133240000
NVDA,2015-01-27,0.49,0.49,0.47,0.47,357948000
NVDA,2015-01-28,0.48,0.48,0.46,0.46,272728000
NVDA,2015-01-29,0.46,0.48,0.46,0.47,235340000
NVDA,2015-01-30,0.47,0.48,0.46,0.46,298200000
NVDA,2015-02-02,0.46,0.47,0.45,0.47,259604000
NVDA,2015-02-03,0.47,0.48,0.47,0.48,183468000
NVDA,2015-02-04,0.48,0.49,0.48,0.48,181516000
NVDA,2015-02-05,0.48,0.49,0.48,0.49,140448000
NVDA,2015-02-06,0.49,0.5,0.49,0.49,210524000
NVDA,2015-02-09,0.49,0.49,0.48,0.49,273944000
NVDA,2015-02-10,0.49,0.5,0.49,0.5,226204000
NVDA,2015-02-11,0.5,0.5,0.5,0.5,320832000
NVDA,2015-02-12,0.53,0.54,0.52,0.54,676904000
NVDA,2015-02-13,0.53,0.54,0.53,0.54,310084000
NVDA,2015-02-17,0.53,0.54,0.53,0.54,203340000
NVDA,2015-02-18,0.54,0.54,0.53,0.53,170948000
NVDA,2015-02-19,0.54,0.54,0.53,0.53,169432000
NVDA,2015-02-20,0.53,0.54,0.53,0.54,157752000
NVDA,2015-02-23,0.54,0.54,0.53,0.53,125008000
NVDA,2015-02-24,0.53,0.54,0.53,0.54,149356000
NVDA,2015-02-25,0.54,0.54,0.53,0.53,123820000
NVDA,2015-02-26,0.53,0.54,0.53,0.53,152864000
NVDA,2015-02-27,0.53,0.53,0.53,0.53,157492000
NVDA,2015-03-02,0.53,0.55,0.53,0.54,301512000
NVDA,2015-03-03,0.54,0.54,0.53,0.53,160344000
NVDA,2015-03-04,0.53,0.54,0.53,0.54,226840000
NVDA,2015-03-05,0.54,0.55,0.54,0.55,323056000
NVDA,2015-03-06,0.55,0.55,0.54,0.54,257392000
NVDA,2015-03-09,0.54,0.55,0.54,0.54,222388000
NVDA,2015-03-10,0.55,0.56,0.55,0.55,527212000
NVDA,2015-03-11,0.55,0.56,0.55,0.55,262120000
NVDA,2015-03-12,0.55,0.55,0.54,0.55,406972000
NVDA,2015-03-13,0.54,0.55,0.54,0.55,359288000
NVDA,2015-03-16,0.55,0.56,0.55,0.55,236956000
NVDA,2015-03-17,0.55,0.56,0.55,0.56,299900000
NVDA,2015-03-18,0.56,0.56,0.55,0.55,413844000
NVDA,2015-03-19,0.55,0.56,0.55,0.56,310756000
NVDA,2015-03-20,0.56,0.57,0.56,0.57,462084000
NVDA,2015-03-23,0.55,0.56,0.55,0.55,426012000
NVDA,2015-03-24,0.55,0.55,0.54,0.54,330480000
NVDA,2015-03-25,0.54,0.54,0.51,0.51,542552000
NVDA,2015-03-26,0.5,0.51,0.49,0.51,311920000
NVDA,2015-03-27,0.51,0.52,0.5,0.51,318288000
NVDA,2015-03-30,0.52,0.52,0.51,0.52,253252000
META,2017-03-29,141.01,141.87,140.45,141.66,16527600
META,2017-03-30,141.41,141.96,140.87,141.42,12404000
META,2017-03-31,141.32,141.64,140.91,141.06,11478300
META,2017-04-03,140.95,141.48,139.84,141.29,13564000
META,2017-04-04,140.88,141.1,140.29,140.75,12948600
META,2017-04-05,141.27,142.44,140.31,140.87,17158100
META,2017-04-06,141.12,141.23,139.93,140.19,15103400
META,2017-04-07,140.22,140.57,139.27,139.8,11818300
META,2017-04-10,140.02,140.45,139.65,140.06,9039400
META,2017-04-11,139.82,140.05,137.85,138.95,16638100
META,2017-04-12,138.75,139.43,138.47,138.61,11612500
META,2017-04-13,138.65,139.6,138.36,138.42,10965600
META,2017-04-17,138.79,140.57,138.78,140.44,11519700
META,2017-04-18,140.29,140.93,139.63,139.98,14807500
META,2017-04-19,140.37,142.05,140.29,141.28,15563900
META,2017-04-20,141.96,143.25,141.7,142.8,15968200
META,2017-04-21,142.9,143.17,141.28,142.68,12382000
META,2017-04-24,143.95,144.66,143.34,144.46,14407200
META,2017-04-25,144.78,146.13,144.78,145.47,17767500
META,2017-04-26,146.07,146.57,145.08,145.54,12395000
META,2017-04-27,145.65,146.73,145.13,146.68,11275100
META,2017-04-28,148.46,150.48,148.04,149.21,30652200
META,2017-05-01,150.69,151.51,150.37,151.4,25218300
META,2017-05-02,152.28,152.38,150.61,151.72,21870400
META,2017-05-03,152.53,152.53,150.29,150.75,29782500
META,2017-05-04,149.13,150.47,147.69,149.8,36225500
META,2017-05-05,150.4,150.58,148.75,149.2,17148500
META,2017-05-08,149.66,150.03,148.7,150.01,15827500
META,2017-05-09,150.44,151.53,149.17,149.44,17453900
META,2017-05-10,149.19,149.48,147.83,149.25,12080700
META,2017-05-11,149.27,149.6,148.37,149.0,11841900
META,2017-05-12,149.36,149.42,148.59,149.29,9598200
META,2017-05-15,149.13,150.43,148.73,149.15,15064700
META,2017-05-16,149.07,149.17,148.0,148.74,14550800
META,2017-05-17,146.97,147.64,143.42,143.85,28300100
META,2017-05-18,143.72,147.12,143.51,146.64,23031600
META,2017-05-19,147.42,148.35,146.93,147.03,16187900
META,2017-05-22,147.05,147.56,146.67,147.21,12586700
META,2017-05-23,147.49,147.78,146.23,147.04,12817800
META,2017-05-24,147.48,149.19,147.39,149.0,17862400
META,2017-05-25,149.26,151.53,148.91,150.91,19891400
META,2017-05-26,151.17,151.19,150.1,151.07,14996200
META,2017-05-30,150.92,151.84,150.59,151.32,13226000
META,2017-05-31,151.64,152.29,150.04,150.41,18023900
META,2017-06-01,150.7,151.23,149.26,150.48,14530600
META,2017-06-02,150.8,152.56,150.25,152.54,16854400
META,2017-06-05,152.57,153.64,152.35,152.56,12520400
META,2017-06-06,152.35,153.45,151.42,151.75,13457100
META,2017-06-07,152.21,152.68,151.28,152.06,12066700
META,2017-06-08,153.01,153.66,152.04,153.64,17799400
META,2017-06-09,153.7,154.51,145.59,148.56,35577700
META,2017-06-12,147.14,148.17,143.56,147.41,33170200
META,2017-06-13,149.11,150.13,147.87,149.63,20483400
META,2017-06-14,150.21,151.34,148.02,149.21,20808800
META,2017-06-15,146.65,149.0,145.35,148.76,18994200
META,2017-06-16,148.55,149.78,147.57,149.6,22882400
META,2017-06-19,150.66,152.5,150.66,151.81,19026500
META,2017-06-20,151.82,152.77,151.15,151.19,14743900
META,2017-06-21,151.3,153.01,150.83,152.84,15039800
META,2017-06-22,151.95,153.48,151.85,152.34,13005500
META,2017-06-23,151.66,154.12,151.59,153.99,18027000
META,2017-06-26,155.17,155.41,152.14,152.52,18049700
META,2017-06-27,151.78,152.25,149.35,149.54,19360800
META,2017-06-28,149.87,152.41,148.82,152.18,16719100
GOOGL,2022-10-17,98.12,100.17,98.09,99.22,28419200
GOOGL,2022-10-18,102.36,102.69,99.22,100.01,24060700
GOOGL,2022-10-19,99.26,100.26,98.18,98.88,23811100
GOOGL,2022-10-20,99.25,101.55,98.64,99.22,25323200
GOOGL,2022-10-21,97.12,100.55,96.99,100.37,32458700
GOOGL,2022-10-24,101.04,101.98,99.23,101.75,27176400
GOOGL,2022-10-25,102.13,104.03,101.95,103.7,40611400
GOOGL,2022-10-26,95.71,97.57,93.98,94.22,88114100
GOOGL,2022-10-27,93.81,94.71,91.11,91.53,60710900
GOOGL,2022-10-28,91.58,95.83,91.44,95.57,43697300
GOOGL,2022-10-31,94.7,95.31,93.28,93.8,31675000
GOOGL,2022-11-01,94.73,95.31,89.69,89.79,47161400
GOOGL,2022-11-02,90.26,90.5,86.23,86.32,57038300
GOOGL,2022-11-03,85.67,85.87,82.72,82.8,61288000
GOOGL,2022-11-04,84.76,85.99,83.08,85.93,51124900
GOOGL,2022-11-07,86.63,88.23,86.2,87.83,34078900
GOOGL,2022-11-08,88.23,89.64,86.93,88.23,30429000
GOOGL,2022-11-09,87.79,88.77,86.63,86.67,31769100
GOOGL,2022-11-10,91.56,93.68,90.92,93.24,51620100
GOOGL,2022-11-11,93.98,96.2,93.22,95.69,33090500
GOOGL,2022-11-14,94.38,96.06,93.8,94.98,30179500
GOOGL,2022-11-15,97.52,99.39,95.98,97.7,41640800
GOOGL,2022-11-16,97.17,98.89,96.91,98.11,29105200
GOOGL,2022-11-17,96.24,98.54,96.06,97.62,26052600
GOOGL,2022-11-18,98.03,98.16,95.65,96.7,28342300
GOOGL,2022-11-21,96.56,97.66,94.64,94.88,21647400
GOOGL,2022-11-22,95.23,96.49,93.34,96.32,23438500
GOOGL,2022-11-23,96.36,98.02,96.36,97.72,18868100
GOOGL,2022-11-25,97.5,97.9,96.67,96.73,9701400
GOOGL,2022-11-28,96.31,96.85,94.89,95.33,26237500
GOOGL,2022-11-29,95.01,95.4,93.4,94.48,20061700
GOOGL,2022-11-30,94.11,100.28,93.71,100.23,43647500
GOOGL,2022-12-01,100.26,101.48,99.5,100.23,28687100
GOOGL,2022-12-02,98.31,100.01,98.16,99.69,21480700
GOOGL,2022-12-05,98.65,100.62,98.26,98.73,24405100
GOOGL,2022-12-06,98.56,99.03,95.7,96.25,24910700
GOOGL,2022-12-07,95.69,96.15,94.01,94.23,31045400
GOOGL,2022-12-08,94.66,94.86,92.75,93.01,32213300
GOOGL,2022-12-09,93.07,93.55,92.05,92.13,28225400
GOOGL,2022-12-12,92.01,92.86,90.92,92.61,29420000
GOOGL,2022-12-13,97.03,98.78,94.32,94.91,40593700
GOOGL,2022-12-14,94.49,96.14,92.9,94.36,28733600
GOOGL,2022-12-15,92.43,92.94,89.34,90.18,40107000
GOOGL,2022-12-16,90.08,90.65,88.85,89.58,58011800
GOOGL,2022-12-19,89.58,89.88,87.55,87.78,29493000
GOOGL,2022-12-20,87.45,88.51,86.78,88.35,23453800
GOOGL,2022-12-21,88.41,89.54,87.66,88.91,24745600
GOOGL,2022-12-22,87.5,87.88,85.67,87.1,27658300
GOOGL,2022-12-23,86.46,88.88,86.42,88.56,23003000
GOOGL,2022-12-27,88.13,88.27,86.36,86.73,20097300
GOOGL,2022-12-28,86.33,87.38,85.3,85.37,19523200
GOOGL,2022-12-29,85.97,88.18,85.96,87.79,23333500
GOOGL,2022-12-30,86.33,87.64,85.92,87.57,23986300
GOOGL,2023-01-03,88.92,90.37,87.86,88.45,28131200
GOOGL,2023-01-04,89.67,89.97,86.62,87.42,34854800
GOOGL,2023-01-05,86.81,86.91,85.26,85.55,27194400
GOOGL,2023-01-06,86.14,87.03,84.22,86.69,41381500
GOOGL,2023-01-09,87.7,89.37,87.2,87.36,29003900
GOOGL,2023-01-10,85.34,88.01,85.19,87.76,30467800
GOOGL,2023-01-11,88.51,90.91,88.34,90.83,26862000
GOOGL,2023-01-12,90.79,91.18,89.08,90.45,30258100
GOOGL,2023-01-13,90.17,91.5,89.45,91.43,26329200
NFLX,2017-01-06,13.21,13.39,12.98,13.11,106579000
NFLX,2017-01-09,13.15,13.2,12.99,13.1,57718000
NFLX,2017-01-10,13.13,13.22,12.93,12.99,59858000
NFLX,2017-01-11,13.09,13.15,12.93,13.05,56151000
NFLX,2017-01-12,13.06,13.09,12.85,12.92,53889000
NFLX,2017-01-13,13.11,13.39,13.06,13.37,105150000
NFLX,2017-01-17,13.5,13.54,13.21,13.29,122202000
NFLX,2017-01-18,13.32,13.36,13.11,13.33,161686000
NFLX,2017-01-19,14.2,14.35,13.82,13.84,232034000
NFLX,2017-01-20,13.94,14.08,13.77,13.86,94974000
NFLX,2017-01-23,13.86,13.95,13.73,13.74,74339000
NFLX,2017-01-24,13.81,14.09,13.7,14.01,77547000
NFLX,2017-01-25,14.08,14.14,13.9,13.95,72381000
NFLX,2017-01-26,14.05,14.12,13.85,13.9,60383000
NFLX,2017-01-27,13.95,14.25,13.9,14.24,83239000
NFLX,2017-01-30,14.18,14.2,13.88,14.12,81225000
NFLX,2017-01-31,14.06,14.18,13.97,14.07,44116000
NFLX,2017-02-01,14.12,14.24,13.93,14.08,60334000
NFLX,2017-02-02,14.06,14.1,13.9,13.92,34624000
NFLX,2017-02-03,13.95,14.06,13.91,14.02,35126000
NFLX,2017-02-06,14.0,14.1,13.92,14.1,35521000
NFLX,2017-02-07,14.15,14.43,14.1,14.4,85735000
NFLX,2017-02-08,14.36,14.51,14.26,14.47,68871000
NFLX,2017-02-09,14.5,14.51,14.36,14.41,45551000
NFLX,2017-02-10,14.47,14.53,14.4,14.48,61719000
NFLX,2017-02-13,14.52,14.6,14.31,14.32,47904000
NFLX,2017-02-14,14.32,14.41,14.01,14.08,83678000
NFLX,2017-02-15,14.07,14.24,14.05,14.23,53091000
NFLX,2017-02-16,14.24,14.24,14.11,14.2,28475000
NFLX,2017-02-17,14.18,14.29,14.13,14.22,45881000
NFLX,2017-02-21,14.3,14.34,14.18,14.26,35715000
NFLX,2017-02-22,14.29,14.4,14.22,14.39,34820000
NFLX,2017-02-23,14.44,14.45,14.15,14.28,46680000
NFLX,2017-02-24,14.19,14.36,14.15,14.32,33027000
NFLX,2017-02-27,14.31,14.39,14.24,14.34,39074000
NFLX,2017-02-28,14.33,14.36,14.19,14.21,38622000
NFLX,2017-03-01,14.28,14.33,14.21,14.27,41706000
NFLX,2017-03-02,14.22,14.27,13.91,13.95,61199000
NFLX,2017-03-03,13.97,14.09,13.83,13.91,53998000
NFLX,2017-03-06,14.1,14.28,14.05,14.19,71161000
NFLX,2017-03-07,14.2,14.24,14.04,14.14,42410000
NFLX,2017-03-08,14.15,14.21,13.98,14.03,40855000
NFLX,2017-03-09,14.0,14.12,13.97,14.05,26527000
NFLX,2017-03-10,14.14,14.18,14.03,14.09,33185000
NFLX,2017-03-13,14.09,14.37,14.03,14.35,49224000
NFLX,2017-03-14,14.3,14.33,14.17,14.32,46603000
NFLX,2017-03-15,14.42,14.55,14.32,14.52,59872000
NFLX,2017-03-16,14.55,14.65,14.42,14.44,52865000
NFLX,2017-03-17,14.4,14.58,14.34,14.51,62813000
NFLX,2017-03-20,14.55,14.62,14.46,14.58,34210000
NFLX,2017-03-21,14.68,14.77,14.21,14.24,76698000
NFLX,2017-03-22,14.25,14.38,14.08,14.27,64869000
NFLX,2017-03-23,14.21,14.29,14.13,14.18,37126000
NFLX,2017-03-24,14.24,14.28,14.16,14.2,35466000
NFLX,2017-03-27,14.08,14.44,14.0,14.41,47717000
NFLX,2017-03-28,14.41,14.61,14.39,14.52,46380000
NFLX,2017-03-29,14.55,14.72,14.49,14.65,38550000
NFLX,2017-03-30,14.68,14.83,14.65,14.81,44611000
NFLX,2017-03-31,14.8,14.82,14.73,14.78,38882000
NFLX,2017-04-03,14.67,14.8,14.57,14.69,46093000
NFLX,2017-04-04,14.68,14.71,14.49,14.55,43689000
NFLX,2017-04-05,14.62,14.62,14.33,14.36,46076000
AMD,2019-02-19,23.63,24.41,23.61,23.95,57517900
AMD,2019-02-20,24.14,24.37,23.9,23.95,57091600
AMD,2019-02-21,24.04,24.33,23.85,23.92,49608200
AMD,2019-02-22,24.05,24.36,23.88,24.36,52650700
AMD,2019-02-25,25.01,25.52,24.68,24.71,63221000
AMD,2019-02-26,24.65,24.72,24.15,24.21,48470100
AMD,2019-02-27,24.11,24.23,23.21,23.48,62649300
AMD,2019-02-28,23.21,23.67,23.11,23.53,39384900
AMD,2019-03-01,23.97,24.19,23.45,23.68,48084000
AMD,2019-03-04,23.89,24.13,23.01,23.37,48147700
AMD,2019-03-05,23.34,23.68,23.01,23.5,35462600
AMD,2019-03-06,23.47,23.53,22.4,22.41,60479400
AMD,2019-03-07,22.33,22.41,21.73,22.08,52186300
AMD,2019-03-08,21.35,22.09,21.04,22.01,49967700
AMD,2019-03-11,22.15,23.08,21.98,22.96,54420200
AMD,2019-03-12,23.1,23.8,22.78,23.49,56410600
AMD,2019-03-13,23.66,24.15,23.35,23.38,56705800
AMD,2019-03-14,23.37,23.49,22.8,22.82,42818600
AMD,2019-03-15,23.1,23.65,23.01,23.29,46519900
AMD,2019-03-18,23.3,23.62,23.04,23.25,34731800
AMD,2019-03-19,23.6,26.08,23.59,26.0,156052200
AMD,2019-03-20,26.49,26.88,25.31,25.7,151292100
AMD,2019-03-21,25.78,28.11,25.71,27.89,129610300
AMD,2019-03-22,27.54,27.75,26.33,26.37,115323300
AMD,2019-03-25,26.29,26.99,25.54,25.97,78438200
AMD,2019-03-26,26.69,26.98,25.46,25.69,75754100
AMD,2019-03-27,25.7,25.88,24.55,24.89,88585300
AMD,2019-03-28,25.1,25.56,24.65,25.06,64667500
AMD,2019-03-29,25.58,25.73,25.25,25.52,53502800
AMD,2019-04-01,26.42,26.56,25.83,26.36,63000300
AMD,2019-04-02,26.51,26.8,26.09,26.75,53358800
AMD,2019-04-03,28.02,29.95,27.88,29.02,197650500
AMD,2019-04-04,28.88,29.39,28.61,29.09,82191100
AMD,2019-04-05,29.64,29.69,28.8,28.98,65662700
AMD,2019-04-08,28.69,28.95,28.18,28.53,58002500
AMD,2019-04-09,28.24,28.38,27.19,27.24,75539800
AMD,2019-04-10,27.46,28.12,27.32,27.83,64368100
AMD,2019-04-11,27.81,28.05,27.46,27.79,44801200
AMD,2019-04-12,28.21,28.38,27.66,27.85,41048800
AMD,2019-04-15,27.8,27.84,26.96,27.33,40812500
AMD,2019-04-16,27.72,28.18,27.49,27.93,47340100
AMD,2019-04-17,28.21,28.27,27.22,27.49,48240800
AMD,2019-04-18,27.6,27.88,27.34,27.68,39880900
AMD,2019-04-22,27.62,28.23,27.39,28.18,36477300
AMD,2019-04-23,28.18,28.49,27.79,27.97,41777500
AMD,2019-04-24,28.1,28.85,27.93,28.46,51784700
AMD,2019-04-25,28.67,28.86,27.36,27.66,57329700
AMD,2019-04-26,27.66,27.9,27.05,27.88,48827900
AMD,2019-04-29,27.9,28.14,27.5,27.69,44532700
AMD,2019-04-30,27.59,27.8,26.94,27.63,73165900
AMD,2019-05-01,28.95,29.15,26.78,26.81,136066900
AMD,2019-05-02,26.94,28.64,26.61,28.29,100514800
AMD,2019-05-03,28.3,28.42,27.66,28.22,55503100
AMD,2019-05-06,26.72,27.5,26.45,27.42,70344100
AMD,2019-05-07,27.2,27.35,26.21,26.66,75868800
AMD,2019-05-08,26.41,27.71,26.27,27.09,65967500
AMD,2019-05-09,26.7,27.38,26.03,27.21,73150900
AMD,2019-05-10,27.03,28.1,26.93,27.96,82930100
AMD,2019-05-13,26.98,27.23,26.1,26.24,99017900
AMD,2019-05-14,26.53,27.48,26.15,27.32,82980400
AMD,2019-05-15,26.87,27.79,26.73,27.58,55689900
AVGO,2012-05-10,2.24,2.25,2.2,2.22,22290000
AVGO,2012-05-11,2.2,2.24,2.2,2.22,29039000
AVGO,2012-05-14,2.2,2.26,2.19,2.23,18594000
AVGO,2012-05-15,2.24,2.27,2.22,2.23,21493000
AVGO,2012-05-16,2.23,2.27,2.2,2.21,19452000
AVGO,2012-05-17,2.2,2.22,2.16,2.16,18872000
AVGO,2012-05-18,2.17,2.17,2.13,2.15,22855000
AVGO,2012-05-21,2.15,2.22,2.13,2.22,28360000
AVGO,2012-05-22,2.22,2.25,2.21,2.24,28475000
AVGO,2012-05-23,2.27,2.41,2.26,2.41,47735000
AVGO,2012-05-24,2.4,2.41,2.33,2.33,27487000
AVGO,2012-05-25,2.34,2.4,2.34,2.38,15457000
AVGO,2012-05-29,2.41,2.48,2.38,2.47,19163000
AVGO,2012-05-30,2.44,2.44,2.36,2.37,26237000
AVGO,2012-05-31,2.39,2.4,2.33,2.38,19157000
AVGO,2012-06-01,2.33,2.34,2.21,2.22,38892000
AVGO,2012-06-04,2.24,2.27,2.17,2.19,39732000
AVGO,2012-06-05,2.19,2.26,2.18,2.25,36053000
AVGO,2012-06-06,2.28,2.37,2.27,2.37,25299000
AVGO,2012-06-07,2.4,2.4,2.36,2.36,23101000
AVGO,2012-06-08,2.36,2.44,2.33,2.43,25119000
AVGO,2012-06-11,2.45,2.46,2.38,2.39,15443000
AVGO,2012-06-12,2.39,2.45,2.39,2.43,18471000
AVGO,2012-06-13,2.43,2.48,2.41,2.44,20580000
AVGO,2012-06-14,2.44,2.44,2.35,2.4,23709000
AVGO,2012-06-15,2.4,2.48,2.4,2.46,18289000
AVGO,2012-06-18,2.45,2.53,2.44,2.51,17163000
AVGO,2012-06-19,2.52,2.52,2.48,2.5,19152000
AVGO,2012-06-20,2.51,2.56,2.51,2.54,29267000
AVGO,2012-06-21,2.54,2.55,2.48,2.49,23173000
AVGO,2012-06-22,2.48,2.53,2.48,2.51,55520000
AVGO,2012-06-25,2.48,2.5,2.45,2.47,23592000
AVGO,2012-06-26,2.47,2.5,2.45,2.48,18656000
AVGO,2012-06-27,2.48,2.53,2.47,2.52,11415000
AVGO,2012-06-28,2.49,2.5,2.45,2.47,16941000
AVGO,2012-06-29,2.52,2.59,2.52,2.59,18990000
AVGO,2012-07-02,2.58,2.61,2.54,2.56,21855000
AVGO,2012-07-03,2.56,2.58,2.55,2.58,9803000
AVGO,2012-07-05,2.58,2.59,2.56,2.56,8576000
AVGO,2012-07-06,2.56,2.56,2.46,2.49,14716000
AVGO,2012-07-09,2.49,2.49,2.39,2.4,21974000
AVGO,2012-07-10,2.42,2.46,2.4,2.41,21338000
AVGO,2012-07-11,2.41,2.42,2.37,2.39,18940000
AVGO,2012-07-12,2.37,2.38,2.32,2.35,21140000
AVGO,2012-07-13,2.35,2.4,2.34,2.39,16791000
AVGO,2012-07-16,2.38,2.39,2.33,2.36,13761000
AVGO,2012-07-17,2.39,2.39,2.35,2.38,18038000
AVGO,2012-07-18,2.38,2.45,2.37,2.44,21230000
AVGO,2012-07-19,2.49,2.62,2.48,2.6,34675000
AVGO,2012-07-20,2.59,2.59,2.54,2.54,14961000
AVGO,2012-07-23,2.5,2.51,2.43,2.49,15101000
AVGO,2012-07-24,2.5,2.53,2.43,2.46,9758000
AVGO,2012-07-25,2.46,2.5,2.44,2.47,20470000
AVGO,2012-07-26,2.52,2.58,2.52,2.55,13101000
AVGO,2012-07-27,2.58,2.63,2.56,2.6,11498000
AVGO,2012-07-30,2.62,2.65,2.57,2.59,12044000
AVGO,2012-07-31,2.61,2.71,2.61,2.66,23597000
AVGO,2012-08-01,2.67,2.68,2.62,2.64,15423000
AVGO,2012-08-02,2.62,2.68,2.6,2.63,13151000
AVGO,2012-08-03,2.68,2.7,2.64,2.67,14333000
AVGO,2012-08-06,2.68,2.7,2.67,2.67,11303000
AVGO,2012-08-07,2.69,2.71,2.67,2.7,15424000
AVGO,2012-08-08,2.7,2.72,2.69,2.7,17173000
AVGO,2012-08-09,2.67,2.71,2.67,2.69,9996000
PLTR,2022-02-03,12.95,13.32,12.42,12.45,47236900
PLTR,2022-02-04,12.47,13.09,12.27,12.94,38989200
PLTR,2022-02-07,13.02,13.6,12.94,12.98,45646100
PLTR,2022-02-08,12.75,13.19,12.62,13.15,30317100
PLTR,2022-02-09,13.29,13.89,13.26,13.87,34451900
PLTR,2022-02-10,13.5,14.16,13.37,13.56,41998200
PLTR,2022-02-11,13.45,13.92,12.97,13.13,41831600
PLTR,2022-02-14,13.1,13.8,12.98,13.26,40617900
PLTR,2022-02-15,13.52,14.19,13.41,14.17,48523700
PLTR,2022-02-16,13.91,14.26,13.66,13.97,58624400
PLTR,2022-02-17,12.39,12.7,11.7,11.77,151385400
PLTR,2022-02-18,11.92,12.01,10.57,11.02,137808100
PLTR,2022-02-22,10.7,11.19,10.3,10.48,104501500
PLTR,2022-02-23,10.83,11.26,10.4,10.43,93964500
PLTR,2022-02-24,9.75,11.87,9.74,11.83,118793000
PLTR,2022-02-25,11.59,11.89,11.0,11.47,75433700
PLTR,2022-02-28,11.96,12.18,11.39,11.85,75390500
PLTR,2022-03-01,11.99,12.52,11.71,12.18,64867200
PLTR,2022-03-02,12.21,12.21,11.42,12.06,56698300
PLTR,2022-03-03,12.01,12.06,11.23,11.34,46172000
PLTR,2022-03-04,11.7,11.77,10.74,10.96,43502200
PLTR,2022-03-07,11.43,11.75,11.1,11.11,63070600
PLTR,2022-03-08,10.93,11.39,10.72,11.04,49279600
PLTR,2022-03-09,11.41,12.02,11.27,11.65,43591400
PLTR,2022-03-10,11.38,11.97,11.32,11.87,52295400
PLTR,2022-03-11,11.86,12.01,11.37,11.39,37817400
PLTR,2022-03-14,11.17,11.41,10.41,10.5,49762600
PLTR,2022-03-15,10.47,10.85,10.27,10.77,40451200
PLTR,2022-03-16,10.95,11.82,10.94,11.79,62746600
PLTR,2022-03-17,11.72,12.37,11.66,12.32,43948900
PLTR,2022-03-18,12.28,13.02,12.22,12.82,59125500
PLTR,2022-03-21,12.72,13.05,12.42,12.59,39410900
PLTR,2022-03-22,12.52,13.48,12.52,13.27,46210700
PLTR,2022-03-23,13.16,13.55,13.02,13.18,33699400
PLTR,2022-03-24,13.25,13.42,12.83,13.39,29535300
PLTR,2022-03-25,13.36,13.4,12.71,12.97,24796900
PLTR,2022-03-28,13.01,13.44,12.85,13.42,27152000
PLTR,2022-03-29,13.65,14.28,13.35,14.2,46433700
PLTR,2022-03-30,14.04,14.36,13.74,13.88,32164000
PLTR,2022-03-31,13.9,14.06,13.63,13.73,22840000
PLTR,2022-04-01,13.77,14.06,13.5,13.83,23831600
PLTR,2022-04-04,14.03,14.66,14.02,14.63,40066800
PLTR,2022-04-05,14.61,14.86,13.8,13.89,37677300
PLTR,2022-04-06,13.52,13.54,12.85,13.0,40647700
PLTR,2022-04-07,12.95,13.34,12.48,12.84,34727400
PLTR,2022-04-08,12.7,13.05,12.57,12.7,24962500
PLTR,2022-04-11,12.45,12.82,12.13,12.66,26095800
PLTR,2022-04-12,12.88,13.2,12.43,12.46,26226500
PLTR,2022-04-13,12.35,12.94,12.23,12.9,21152900
PLTR,2022-04-14,12.92,12.92,12.41,12.42,23284100
PLTR,2022-04-18,12.35,12.41,11.88,12.15,25395600
PLTR,2022-04-19,12.08,13.02,12.07,12.91,31753900
PLTR,2022-04-20,13.08,13.17,12.74,12.79,31528600
PLTR,2022-04-21,13.02,13.33,12.23,12.33,32009000
PLTR,2022-04-22,12.33,12.73,11.86,11.96,30386100
PLTR,2022-04-25,11.83,12.16,11.68,12.11,31727600
PLTR,2022-04-26,11.94,12.05,11.1,11.12,38666500
PLTR,2022-04-27,11.01,11.19,10.53,10.56,54508500
PLTR,2022-04-28,10.69,11.05,10.37,10.95,40074500
PLTR,2022-04-29,10.9,11.23,10.36,10.4,30937500
PLTR,2022-05-02,10.38,10.76,10.18,10.74,41193800
ASML,2011-10-25,39.39,39.74,38.98,39.15,2246321
ASML,2011-10-26,39.8,39.92,38.5,39.22,1346268
ASML,2011-10-27,40.29,41.94,40.27,41.55,3892658
ASML,2011-10-28,40.75,41.66,40.71,41.62,3912755
ASML,2011-10-31,40.38,40.67,40.04,40.07,3743278
ASML,2011-11-01,38.32,39.39,38.19,38.85,4198117
ASML,2011-11-02,38.73,39.11,38.51,38.67,1700930
ASML,2011-11-03,39.29,40.63,38.76,40.31,1994762
ASML,2011-11-04,39.92,40.67,39.81,40.48,1154230
ASML,2011-11-07,39.81,40.1,39.5,39.89,1018171
ASML,2011-11-08,41.26,41.32,40.52,41.08,2200737
ASML,2011-11-09,39.11,39.26,38.27,38.32,1934471
ASML,2011-11-10,38.88,39.07,38.18,38.75,1989757
ASML,2011-11-11,38.84,40.05,38.73,39.72,1950718
ASML,2011-11-14,39.17,39.24,38.18,38.39,2001153
ASML,2011-11-15,38.19,39.0,38.06,38.67,1126510
ASML,2011-11-16,38.08,38.43,37.71,37.76,1290289
ASML,2011-11-17,37.5,37.56,36.31,36.66,1586046
ASML,2011-11-18,37.37,37.38,36.3,36.38,806575
ASML,2011-11-21,35.88,36.63,35.49,36.35,1727495
ASML,2011-11-22,36.19,36.46,35.36,35.43,1363593
ASML,2011-11-23,35.49,35.49,34.87,35.09,1388618
ASML,2011-11-25,34.6,35.26,34.59,34.61,586509
ASML,2011-11-28,35.9,36.08,35.59,35.84,978285
ASML,2011-11-29,35.67,35.89,35.38,35.54,1165549
ASML,2011-11-30,36.66,37.83,36.55,37.78,3132437
ASML,2011-12-01,37.41,37.8,37.33,37.59,2859934
ASML,2011-12-02,38.11,39.05,38.1,38.86,3345265
ASML,2011-12-05,39.34,39.97,39.22,39.52,4074301
ASML,2011-12-06,39.16,40.03,39.09,39.78,3796870
ASML,2011-12-07,39.59,40.28,39.37,40.15,1840300
ASML,2011-12-08,39.61,40.0,39.14,39.25,4201967
ASML,2011-12-09,38.94,40.1,38.81,39.76,1886500
ASML,2011-12-12,38.83,38.85,38.04,38.29,1113959
ASML,2011-12-13,38.06,38.47,37.21,37.38,1641794
ASML,2011-12-14,37.5,37.54,37.08,37.33,1748208
ASML,2011-12-15,38.49,38.51,37.21,37.52,1282358
ASML,2011-12-16,37.57,38.02,37.45,37.6,1463924
ASML,2011-12-19,37.87,38.03,37.27,37.32,1053437
ASML,2011-12-20,38.69,39.53,38.67,39.42,2301376
ASML,2011-12-21,38.74,39.15,38.4,38.97,1816969
ASML,2011-12-22,38.97,39.54,38.94,39.34,1134210
ASML,2011-12-23,39.43,39.76,39.37,39.61,521444
ASML,2011-12-27,39.93,40.13,39.73,39.74,438977
ASML,2011-12-28,39.95,39.98,39.55,39.61,1516669
ASML,2011-12-29,40.06,40.44,39.78,40.38,720874
ASML,2011-12-30,40.11,40.45,39.94,39.94,434896
ASML,2012-01-03,41.07,41.1,40.19,40.35,1121890
ASML,2012-01-04,39.85,39.98,39.49,39.79,1075074
ASML,2012-01-05,39.06,39.72,38.86,39.36,2828210
ASML,2012-01-06,39.05,39.37,38.77,39.1,2052358
ASML,2012-01-09,39.37,39.84,39.3,39.41,2074380
ASML,2012-01-10,39.73,39.84,39.45,39.68,2127433
ASML,2012-01-11,39.74,40.12,39.49,39.99,1528065
ASML,2012-01-12,39.94,40.1,39.52,39.89,1152844
ASML,2012-01-13,39.52,39.57,38.9,39.45,1525370
ASML,2012-01-17,40.79,41.27,40.38,40.7,1808576
ASML,2012-01-18,41.58,41.6,39.38,40.35,5088314
ASML,2012-01-19,40.66,40.69,40.19,40.53,1537382
ASML,2012-01-20,40.55,41.35,40.44,41.29,2592590
ASML,2012-01-23,41.65,41.97,41.51,41.89,1369907
ASML,2012-01-24,41.53,41.9,41.33,41.57,1420958
CSCO,2016-05-25,21.24,21.55,21.19,21.49,25696800
CSCO,2016-05-26,21.45,21.58,21.4,21.48,19366300
CSCO,2016-05-27,21.51,21.58,21.4,21.49,16673300
CSCO,2016-05-31,21.4,21.61,21.37,21.59,28606300
CSCO,2016-06-01,21.43,21.58,21.4,21.48,22268700
CSCO,2016-06-02,21.54,21.66,21.49,21.61,19538200
CSCO,2016-06-03,21.65,21.71,21.48,21.65,18677700
CSCO,2016-06-06,21.6,21.86,21.6,21.63,16167100
CSCO,2016-06-07,21.48,21.81,21.42,21.6,21566600
CSCO,2016-06-08,21.62,21.75,21.6,21.66,17772900
CSCO,2016-06-09,21.53,21.69,21.43,21.66,18349900
CSCO,2016-06-10,21.4,21.57,21.38,21.57,18244200
CSCO,2016-06-13,21.53,21.69,21.42,21.43,17137000
CSCO,2016-06-14,21.3,21.55,21.28,21.52,19279700
CSCO,2016-06-15,21.17,21.45,21.11,21.29,30738600
CSCO,2016-06-16,21.09,21.49,21.08,21.45,17504100
CSCO,2016-06-17,21.46,21.55,21.32,21.51,32333500
CSCO,2016-06-20,21.58,21.72,21.39,21.4,22100800
CSCO,2016-06-21,21.53,21.55,21.35,21.38,19098600
CSCO,2016-06-22,21.45,21.61,21.31,21.34,18273300
CSCO,2016-06-23,21.57,21.72,21.52,21.72,19415600
CSCO,2016-06-24,20.93,21.23,20.59,20.62,44408900
CSCO,2016-06-27,20.42,20.47,20.16,20.3,29973100
CSCO,2016-06-28,20.47,20.7,20.44,20.65,24646900
CSCO,2016-06-29,20.91,21.05,20.73,21.0,25593000
CSCO,2016-06-30,21.09,21.32,20.86,21.32,25184400
CSCO,2016-07-01,21.39,21.5,21.25,21.4,20901300
CSCO,2016-07-05,21.17,21.46,21.16,21.25,22116900
CSCO,2016-07-06,21.34,21.58,21.13,21.54,24844000
CSCO,2016-07-07,21.54,21.67,21.46,21.55,17394900
CSCO,2016-07-08,21.68,21.96,21.66,21.94,24647400
CSCO,2016-07-11,22.0,22.27,21.94,22.07,22045200
CSCO,2016-07-12,22.29,22.3,22.14,22.21,22157500
CSCO,2016-07-13,22.29,22.37,22.18,22.31,18038100
CSCO,2016-07-14,22.38,22.49,22.23,22.32,19332200
CSCO,2016-07-15,22.45,22.46,22.24,22.36,17800400
CSCO,2016-07-18,22.31,22.5,22.3,22.43,17484900
CSCO,2016-07-19,22.43,22.51,22.33,22.44,18516000
CSCO,2016-07-20,22.53,23.02,22.48,22.97,50168800
CSCO,2016-07-21,22.98,23.04,22.78,22.93,21582700
CSCO,2016-07-22,23.02,23.15,22.9,23.03,19399600
CSCO,2016-07-25,23.0,23.12,22.97,23.09,15174200
CSCO,2016-07-26,23.1,23.36,23.03,23.16,21328200
CSCO,2016-07-27,23.21,23.23,22.99,23.07,22723000
CSCO,2016-07-28,22.99,23.05,22.78,22.89,22470500
CSCO,2016-07-29,22.95,23.02,22.85,22.9,23807200
CSCO,2016-08-01,23.02,23.06,22.77,23.05,22438700
CSCO,2016-08-02,23.11,23.11,22.8,22.96,24485200
CSCO,2016-08-03,22.88,23.05,22.88,23.04,15962500
CSCO,2016-08-04,23.08,23.18,23.03,23.1,18586500
CSCO,2016-08-05,23.17,23.3,23.02,23.28,18873300
CSCO,2016-08-08,23.25,23.39,23.14,23.26,19019900
CSCO,2016-08-09,23.33,23.44,23.13,23.2,19159500
CSCO,2016-08-10,23.26,23.35,23.05,23.14,16684300
CSCO,2016-08-11,23.21,23.26,23.14,23.21,24020900
CSCO,2016-08-12,23.19,23.24,23.1,23.15,13430600
CSCO,2016-08-15,23.23,23.43,23.17,23.39,21944700
CSCO,2016-08-16,23.41,23.42,23.23,23.34,23399700
CSCO,2016-08-17,23.23,23.23,22.75,23.04,55071200
CSCO,2016-08-18,22.81,23.0,22.54,22.86,48710500
CSCO,2016-08-19,22.78,22.99,22.68,22.89,25131300
CSCO,2016-08-22,22.83,23.08,22.78,22.97,28680000
CSCO,2016-08-23,23.12,23.29,23.09,23.23,23493600
CSCO,2016-08-24,23.23,23.4,23.21,23.29,24474700
ADBE,2018-12-28,227.58,228.11,220.87,223.13,3160200
ADBE,2018-12-31,225.56,227.33,223.24,226.24,2866400
ADBE,2019-01-02,219.91,226.17,219.0,224.57,2784100
ADBE,2019-01-03,220.88,223.63,215.15,215.7,3663500
ADBE,2019-01-04,219.84,227.65,217.48,226.19,4043400
ADBE,2019-01-07,229.95,232.6,227.29,229.26,3638500
ADBE,2019-01-08,232.65,233.77,228.33,232.68,3685900
ADBE,2019-01-09,234.01,238.59,232.0,235.43,3594200
ADBE,2019-01-10,233.77,238.04,231.71,237.77,2704600
ADBE,2019-01-11,235.71,239.32,235.23,237.55,3179500
ADBE,2019-01-14,235.33,236.26,231.96,234.56,2606800
ADBE,2019-01-15,237.9,243.93,237.26,242.36,3656500
ADBE,2019-01-16,243.6,244.0,239.68,241.95,2885200
ADBE,2019-01-17,240.13,245.04,238.78,244.4,2836200
ADBE,2019-01-18,247.45,250.68,244.45,247.51,3711300
ADBE,2019-01-22,245.13,245.61,241.19,243.85,4155500
ADBE,2019-01-23,244.91,248.16,240.6,245.14,2031400
ADBE,2019-01-24,245.62,245.98,241.18,242.56,3643000
ADBE,2019-01-25,244.99,247.1,243.43,244.95,3822300
ADBE,2019-01-28,241.0,243.22,239.35,241.85,2110400
ADBE,2019-01-29,241.81,242.87,237.27,238.27,1937100
ADBE,2019-01-30,240.16,243.0,238.87,242.67,2482900
ADBE,2019-01-31,243.0,249.0,243.0,247.82,5007200
ADBE,2019-02-01,247.82,251.04,246.1,247.38,3033300
ADBE,2019-02-04,248.56,256.99,248.06,254.74,3705100
ADBE,2019-02-05,256.74,258.56,254.01,254.82,3042000
ADBE,2019-02-06,255.06,255.93,250.71,254.35,2539100
ADBE,2019-02-07,251.33,254.31,250.28,253.74,2099300
ADBE,2019-02-08,251.39,257.05,250.64,257.0,2756800
ADBE,2019-02-11,258.89,259.9,256.19,258.39,3538100
ADBE,2019-02-12,260.15,262.25,258.67,261.37,2518400
ADBE,2019-02-13,263.13,263.36,259.37,260.23,1899700
ADBE,2019-02-14,259.4,261.71,258.01,260.14,1885000
ADBE,2019-02-15,260.34,260.97,258.07,259.45,2999200
ADBE,2019-02-19,258.98,260.06,256.45,257.81,3475600
ADBE,2019-02-20,258.13,260.99,255.92,258.1,2484800
ADBE,2019-02-21,257.3,259.35,255.12,257.76,2607400
ADBE,2019-02-22,257.61,260.24,257.61,258.9,2006000
ADBE,2019-02-25,261.5,262.98,258.18,258.62,1815800
ADBE,2019-02-26,258.0,262.58,256.37,261.22,2538900
ADBE,2019-02-27,259.77,263.08,256.52,262.9,2266800
ADBE,2019-02-28,262.4,266.24,261.76,262.5,3810300
ADBE,2019-03-01,265.75,266.24,261.5,264.01,2594000
ADBE,2019-03-04,266.7,267.0,254.08,258.16,2994900
ADBE,2019-03-05,259.0,259.87,256.37,257.38,2101800
ADBE,2019-03-06,257.4,259.49,253.84,256.4,1950500
ADBE,2019-03-07,255.77,257.49,253.29,255.46,3185200
ADBE,2019-03-08,251.49,255.02,249.1,254.74,2195400
ADBE,2019-03-11,255.98,261.46,255.77,260.96,2711700
ADBE,2019-03-12,261.86,264.75,259.01,263.51,2583500
ADBE,2019-03-13,265.5,269.8,264.13,264.38,3992500
ADBE,2019-03-14,265.26,268.0,263.52,267.69,5113400
ADBE,2019-03-15,258.03,260.0,252.03,257.09,12110500
ADBE,2019-03-18,257.11,259.96,253.89,257.76,4013400
ADBE,2019-03-19,259.43,260.64,256.34,260.42,4257300
ADBE,2019-03-20,260.54,262.3,256.17,259.74,3732600
ADBE,2019-03-21,259.0,264.34,258.4,264.18,2359900
ADBE,2019-03-22,263.47,264.64,259.52,259.69,3454000
ADBE,2019-03-25,259.21,263.12,257.1,262.27,2639300
ADBE,2019-03-26,265.05,267.74,263.84,265.59,3150100
ADBE,2019-03-27,265.53,265.97,259.04,262.34,2521900
QCOM,2024-03-13,165.07,165.34,162.54,163.17,8730500
QCOM,2024-03-14,163.5,163.84,160.72,162.4,8151000
QCOM,2024-03-15,161.09,162.7,159.89,161.19,16414600
QCOM,2024-03-18,164.77,165.3,160.37,160.92,6653700
QCOM,2024-03-19,160.12,160.48,157.75,158.2,7404400
QCOM,2024-03-20,158.2,162.13,157.94,161.64,5995800
QCOM,2024-03-21,164.6,166.71,163.53,164.71,8497500
QCOM,2024-03-22,163.46,165.72,163.22,163.99,5645500
QCOM,2024-03-25,161.85,162.7,160.97,161.5,5682500
QCOM,2024-03-26,162.01,163.33,161.0,161.07,5289900
QCOM,2024-03-27,163.36,163.39,160.97,163.05,6309700
QCOM,2024-03-28,163.02,163.78,161.94,163.22,5324000
QCOM,2024-04-01,162.22,166.59,162.16,165.55,6679100
QCOM,2024-04-02,164.34,165.24,163.2,164.89,7436300
QCOM,2024-04-03,163.89,167.71,163.24,167.66,6943200
QCOM,2024-04-04,168.71,169.63,163.32,163.66,9031200
QCOM,2024-04-05,164.06,166.05,163.61,165.37,5863300
QCOM,2024-04-08,166.72,168.12,166.17,167.38,4812000
QCOM,2024-04-09,168.97,169.67,167.14,169.26,5028500
QCOM,2024-04-10,166.22,167.47,163.96,164.72,6177400
QCOM,2024-04-11,165.5,169.32,164.37,168.84,6262600
QCOM,2024-04-12,166.09,167.16,164.82,165.13,8216700
QCOM,2024-04-15,168.01,168.11,162.52,163.74,6570600
QCOM,2024-04-16,163.41,163.48,161.43,162.52,6390100
QCOM,2024-04-17,163.14,164.07,157.88,158.41,8082000
QCOM,2024-04-18,156.53,158.2,154.11,155.64,9209400
QCOM,2024-04-19,155.49,155.59,150.72,151.97,10292200
QCOM,2024-04-22,152.36,155.83,151.51,154.42,7848700
QCOM,2024-04-23,155.18,156.43,153.94,155.55,6616700
QCOM,2024-04-24,157.98,159.97,156.18,157.75,6130500
QCOM,2024-04-25,158.18,158.71,155.92,157.43,6230700
QCOM,2024-04-26,157.05,160.54,156.67,159.71,7141300
QCOM,2024-04-29,159.26,163.19,159.26,163.12,6623900
QCOM,2024-04-30,163.15,163.16,159.85,159.89,6914200
QCOM,2024-05-01,158.6,163.54,157.9,158.21,13113600
QCOM,2024-05-02,169.16,175.16,168.99,173.63,25894800
QCOM,2024-05-03,175.69,176.61,171.41,173.18,10043900
QCOM,2024-05-06,175.37,175.84,173.92,175.31,6980100
QCOM,2024-05-07,175.89,177.69,172.78,173.68,8011100
QCOM,2024-05-08,170.38,174.29,170.27,174.06,6242600
QCOM,2024-05-09,174.5,175.18,172.99,174.05,5513500
QCOM,2024-05-10,175.46,176.95,174.73,175.54,4702500
QCOM,2024-05-13,176.6,178.09,176.33,177.59,6384800
QCOM,2024-05-14,177.88,182.49,177.86,182.18,7713400
QCOM,2024-05-15,183.18,189.03,183.17,187.62,11349100
QCOM,2024-05-16,187.99,188.6,185.85,186.32,8173400
QCOM,2024-05-17,185.97,188.42,184.97,186.89,5799700
QCOM,2024-05-20,187.03,192.8,186.33,190.65,8879700
QCOM,2024-05-21,188.97,194.72,188.72,193.63,11498800
QCOM,2024-05-22,195.64,197.48,194.45,195.64,11170100
QCOM,2024-05-23,198.48,200.48,192.25,194.51,14475100
QCOM,2024-05-24,196.56,203.71,196.24,202.8,13809900
QCOM,2024-05-28,209.42,209.62,203.71,205.42,12485400
QCOM,2024-05-29,201.15,203.09,199.27,200.78,12552500
QCOM,2024-05-30,201.35,202.67,197.3,198.25,12245300
QCOM,2024-05-31,201.35,202.36,192.35,197.52,15064900
QCOM,2024-06-03,202.86,204.23,195.94,199.32,12419500
QCOM,2024-06-04,199.32,199.63,195.21,197.83,6629100
QCOM,2024-06-05,200.31,205.7,198.8,205.12,11626300
QCOM,2024-06-06,205.12,205.45,202.11,202.74,7597200
QCOM,2024-06-07,203.02,203.09,198.34,200.01,5714400
QCOM,2024-06-10,198.72,203.84,198.02,202.65,6465100
QCOM,2024-06-11,200.52,202.75,198.23,201.85,8197500
QCOM,2024-06-12,205.7,208.72,204.13,208.5,9502800
TXN,2023-02-09,164.81,165.98,160.53,160.92,5572000
TXN,2023-02-10,159.88,161.97,159.19,161.65,5466400
TXN,2023-02-13,162.32,163.5,161.56,162.5,3443200
TXN,2023-02-14,161.07,163.36,159.43,162.16,4179200
TXN,2023-02-15,160.77,164.34,160.71,164.14,3879700
TXN,2023-02-16,162.68,163.98,161.31,161.92,4212400
TXN,2023-02-17,161.09,162.85,160.45,161.22,4060800
TXN,2023-02-21,159.59,160.84,156.87,157.03,7030300
TXN,2023-02-22,157.27,158.11,155.19,156.14,4577400
TXN,2023-02-23,158.86,159.11,154.94,158.0,4856600
TXN,2023-02-24,155.73,156.45,154.31,155.54,4118300
TXN,2023-02-27,157.61,158.19,156.68,157.01,3310100
TXN,2023-02-28,156.28,158.69,155.74,157.66,3674500
TXN,2023-03-01,157.28,158.56,156.15,158.32,4649800
TXN,2023-03-02,157.37,160.85,156.43,160.08,4551100
TXN,2023-03-03,160.93,161.8,158.63,161.55,4379200
TXN,2023-03-06,161.19,162.31,158.9,159.13,4090100
TXN,2023-03-07,158.88,160.01,157.39,158.22,3844100
TXN,2023-03-08,159.65,162.18,159.13,162.05,3805400
TXN,2023-03-09,162.18,163.6,159.07,159.49,4651200
TXN,2023-03-10,160.93,161.17,157.23,157.84,5929700
TXN,2023-03-13,156.49,161.69,156.25,159.91,5453400
TXN,2023-03-14,161.8,162.03,158.93,161.6,5034600
TXN,2023-03-15,160.22,161.05,158.06,160.37,4918300
TXN,2023-03-16,159.51,163.39,158.9,162.88,5028500
TXN,2023-03-17,163.57,164.69,160.57,161.58,12963300
TXN,2023-03-20,161.74,165.4,161.4,164.75,4964600
TXN,2023-03-21,164.77,166.13,162.08,164.06,4217500
TXN,2023-03-22,163.11,166.89,162.08,162.14,4738000
TXN,2023-03-23,163.81,167.26,163.09,165.78,5083300
TXN,2023-03-24,165.37,165.97,163.37,165.07,5345400
TXN,2023-03-27,165.18,165.35,162.22,162.81,4453200
TXN,2023-03-28,162.19,163.31,160.24,163.22,4061500
TXN,2023-03-29,165.0,167.24,164.57,166.48,5227100
TXN,2023-03-30,167.36,169.65,167.23,169.42,5535800
TXN,2023-03-31,169.22,171.32,168.39,171.05,4793100
TXN,2023-04-03,170.43,171.21,168.03,169.35,4143000
TXN,2023-04-04,169.44,169.82,165.33,165.89,4724800
TXN,2023-04-05,165.06,165.28,161.04,162.95,5904900
TXN,2023-04-06,161.82,164.82,160.53,163.8,3743000
TXN,2023-04-10,162.72,165.28,162.04,164.99,3488500
TXN,2023-04-11,166.2,166.79,165.06,165.4,3296900
TXN,2023-04-12,166.63,166.63,162.97,163.27,3559400
TXN,2023-04-13,162.41,165.41,161.34,164.71,3264200
TXN,2023-04-14,164.52,166.02,163.0,164.59,2741900
TXN,2023-04-17,163.94,166.03,163.48,165.57,2845800
TXN,2023-04-18,166.45,167.11,164.79,165.82,2774700
TXN,2023-04-19,164.72,165.03,162.73,162.84,3093900
TXN,2023-04-20,160.39,163.97,159.57,162.42,4710800
TXN,2023-04-21,161.48,163.28,160.8,162.78,6792000
TXN,2023-04-24,162.89,163.16,161.24,161.75,3360100
TXN,2023-04-25,161.47,161.88,155.72,155.77,7136000
TXN,2023-04-26,157.22,157.22,150.5,151.23,8647500
TXN,2023-04-27,149.64,152.29,148.14,151.98,6697900
TXN,2023-04-28,151.59,154.05,151.59,153.75,6575400
TXN,2023-05-01,154.68,154.77,152.76,153.28,4831200
TXN,2023-05-02,152.96,154.02,149.7,150.76,7312400
TXN,2023-05-03,151.66,152.64,150.14,150.21,4398800
TXN,2023-05-04,150.25,150.69,148.38,149.25,4309000
TXN,2023-05-05,149.62,153.83,149.39,153.66,5494700
TXN,2023-05-08,153.66,154.38,151.41,152.18,3831300
INTU,2022-02-08,525.14,541.81,524.29,539.7,915500
INTU,2022-02-09,551.26,564.75,550.18,564.21,1670700
INTU,2022-02-10,547.87,560.81,537.85,542.96,1594200
INTU,2022-02-11,545.12,546.97,518.7,521.76,1250400
INTU,2022-02-14,522.08,524.2,510.41,515.18,1165400
INTU,2022-02-15,523.64,525.19,502.25,513.94,2170300
INTU,2022-02-16,512.18,516.51,498.29,514.3,1318400
INTU,2022-02-17,509.56,512.11,481.75,483.17,2145400
INTU,2022-02-18,484.65,485.59,466.2,468.58,2323300
INTU,2022-02-22,467.34,481.41,464.37,470.58,2282900
INTU,2022-02-23,479.01,479.01,453.34,454.75,1799500
INTU,2022-02-24,445.99,485.23,438.45,484.09,2683700
INTU,2022-02-25,476.21,479.23,462.16,474.4,2846500
INTU,2022-02-28,466.28,471.76,451.24,461.93,2525400
INTU,2022-03-01,463.64,471.85,453.63,456.29,2176700
INTU,2022-03-02,459.73,476.51,455.73,473.26,2083000
INTU,2022-03-03,477.3,479.95,456.69,460.3,1640400
INTU,2022-03-04,458.46,462.18,448.87,452.76,1611900
INTU,2022-03-07,452.05,454.5,425.06,425.92,2312700
INTU,2022-03-08,426.93,443.31,420.82,430.61,2669000
INTU,2022-03-09,444.51,457.64,440.15,452.55,1950400
INTU,2022-03-10,448.08,448.08,431.71,440.51,1756200
INTU,2022-03-11,445.57,449.79,427.01,427.8,2303200
INTU,2022-03-14,428.38,433.6,411.94,413.5,2353900
INTU,2022-03-15,416.58,429.91,414.38,428.15,1953400
INTU,2022-03-16,433.33,445.89,426.5,445.89,2487400
INTU,2022-03-17,442.9,462.54,441.35,461.33,2680700
INTU,2022-03-18,463.22,470.65,455.59,467.29,3112900
INTU,2022-03-21,460.66,464.0,451.4,454.27,2044600
INTU,2022-03-22,454.23,466.16,453.76,463.51,1979900
INTU,2022-03-23,458.81,459.6,447.69,449.34,1718700
INTU,2022-03-24,451.99,454.97,441.16,453.42,1567200
INTU,2022-03-25,455.26,456.74,440.95,447.3,1312200
INTU,2022-03-28,448.46,469.08,446.18,467.9,2085000
INTU,2022-03-29,475.33,477.24,463.32,472.63,1918000
INTU,2022-03-30,468.35,468.89,455.94,459.57,1747800
INTU,2022-03-31,465.14,476.04,461.15,468.23,2647900
INTU,2022-04-01,468.04,474.71,464.56,471.24,1316200
INTU,2022-04-04,472.65,494.4,472.28,492.39,2326700
INTU,2022-04-05,488.75,493.08,478.12,483.04,1632600
INTU,2022-04-06,472.54,480.65,469.44,477.36,2041300
INTU,2022-04-07,471.91,485.38,471.53,482.03,1568200
INTU,2022-04-08,481.04,481.04,469.53,470.83,1717500
INTU,2022-04-11,466.47,466.72,453.18,461.56,1595600
INTU,2022-04-12,467.95,472.43,449.69,450.13,1509700
INTU,2022-04-13,452.8,461.46,448.55,458.71,1477800
INTU,2022-04-14,456.06,457.6,448.44,453.54,1646100
INTU,2022-04-18,450.19,462.37,449.14,457.37,989300
INTU,2022-04-19,454.7,473.58,453.34,473.0,1184300
INTU,2022-04-20,475.45,480.12,469.27,469.96,1184600
INTU,2022-04-21,472.77,479.4,452.03,454.06,1426600
INTU,2022-04-22,454.66,456.37,431.76,432.26,1699300
INTU,2022-04-25,430.6,436.3,422.81,435.81,2094000
INTU,2022-04-26,433.49,434.19,410.63,410.87,2218200
INTU,2022-04-27,410.69,418.15,405.8,407.84,1927900
INTU,2022-04-28,413.44,436.86,411.29,433.52,1791000
INTU,2022-04-29,430.58,431.49,407.24,408.33,1898500
INTU,2022-05-02,409.63,417.25,402.95,416.38,1778700
INTU,2022-05-03,418.93,422.75,415.07,420.12,1324300
INTU,2022-05-04,421.25,437.19,407.75,436.77,1599300
INTU,2022-05-05,426.97,428.81,394.7,399.66,2110600
INTU,2022-05-06,396.07,396.42,381.09,385.86,1989700
AMAT,2011-01-10,10.95,10.99,10.79,10.86,15011300
AMAT,2011-01-11,10.94,11.12,10.91,11.1,17290200
AMAT,2011-01-12,11.17,11.28,11.09,11.24,8612100
AMAT,2011-01-13,11.26,11.31,11.2,11.23,9322400
AMAT,2011-01-14,11.54,12.08,11.49,12.08,36689800
AMAT,2011-01-18,12.03,12.1,11.82,11.99,33814200
AMAT,2011-01-19,11.94,12.1,11.9,12.01,27347900
AMAT,2011-01-20,12.01,12.01,11.6,11.87,21092300
AMAT,2011-01-21,11.96,11.98,11.8,11.84,12815900
AMAT,2011-01-24,11.9,12.14,11.83,12.12,14403900
AMAT,2011-01-25,12.06,12.14,11.93,12.12,18445600
AMAT,2011-01-26,12.1,12.28,12.07,12.19,13248200
AMAT,2011-01-27,12.18,12.73,12.18,12.69,24319000
AMAT,2011-01-28,12.77,12.81,12.36,12.43,24074100
AMAT,2011-01-31,12.51,12.72,12.32,12.37,24068000
AMAT,2011-02-01,12.46,12.83,12.37,12.79,21935800
AMAT,2011-02-02,12.74,13.03,12.73,12.89,22846900
AMAT,2011-02-03,12.88,12.88,12.61,12.73,20212200
AMAT,2011-02-04,12.74,13.01,12.63,13.0,15018800
AMAT,2011-02-07,13.03,13.14,12.83,12.92,15425000
AMAT,2011-02-08,12.92,12.95,12.67,12.74,16694100
AMAT,2011-02-09,12.69,12.69,12.43,12.51,20651800
AMAT,2011-02-10,12.43,12.73,12.35,12.71,19010900
AMAT,2011-02-11,12.65,12.73,12.54,12.62,12939900
AMAT,2011-02-14,12.62,12.79,12.6,12.77,12982800
AMAT,2011-02-15,12.77,12.79,12.62,12.71,12138900
AMAT,2011-02-16,12.79,13.07,12.73,12.89,18176100
AMAT,2011-02-17,12.86,13.04,12.76,12.95,13520600
AMAT,2011-02-18,13.0,13.01,12.83,12.99,12380200
AMAT,2011-02-22,12.82,12.83,12.32,12.35,25417700
AMAT,2011-02-23,12.47,12.65,12.18,12.33,24399900
AMAT,2011-02-24,12.37,12.51,12.24,12.48,18660300
AMAT,2011-02-25,12.69,12.73,12.39,12.71,20071400
AMAT,2011-02-28,12.77,13.1,12.77,13.01,26338800
AMAT,2011-03-01,13.11,13.26,12.8,12.83,34048400
AMAT,2011-03-02,12.77,13.04,12.77,13.0,19128000
AMAT,2011-03-03,13.06,13.41,13.06,13.34,17570800
AMAT,2011-03-04,13.34,13.36,13.13,13.25,14204700
AMAT,2011-03-07,13.28,13.28,12.46,12.64,24768000
AMAT,2011-03-08,12.66,12.67,12.41,12.5,28212900
AMAT,2011-03-09,12.46,12.49,12.01,12.12,32174600
AMAT,2011-03-10,11.94,12.06,11.82,11.85,23029200
AMAT,2011-03-11,11.78,12.07,11.7,11.88,16362700
AMAT,2011-03-14,11.82,11.95,11.73,11.85,15936300
AMAT,2011-03-15,11.47,11.85,11.28,11.78,21222000
AMAT,2011-03-16,11.7,11.83,11.37,11.45,24530800
AMAT,2011-03-17,11.63,11.86,11.62,11.74,15750300
AMAT,2011-03-18,11.93,11.96,11.7,11.75,19567600
AMAT,2011-03-21,11.96,12.16,11.92,12.05,13053300
AMAT,2011-03-22,12.01,12.1,11.92,11.97,10673300
AMAT,2011-03-23,11.92,12.05,11.73,12.01,17119100
AMAT,2011-03-24,12.12,12.24,11.98,12.23,14958900
AMAT,2011-03-25,12.22,12.35,12.16,12.22,13937100
AMAT,2011-03-28,12.23,12.31,12.18,12.25,11868500
AMAT,2011-03-29,12.2,12.53,12.17,12.43,16816500
AMAT,2011-03-30,12.48,12.58,12.32,12.46,11390500
AMAT,2011-03-31,12.46,12.56,12.35,12.37,11448600
AMAT,2011-04-01,12.52,12.55,12.24,12.3,12739400
AMAT,2011-04-04,12.3,12.34,12.08,12.2,21009900
AMAT,2011-04-05,12.2,12.37,12.18,12.3,13785600
AMAT,2011-04-06,12.36,12.55,12.31,12.47,13351600
AMAT,2011-04-07,12.41,12.43,12.07,12.27,18218500
INTC,2017-03-16,28.92,29.07,28.84,28.89,19616100
INTC,2017-03-17,29.03,29.05,28.86,29.0,30778900
INTC,2017-03-20,29.08,29.3,28.99,29.13,17322300
INTC,2017-03-21,29.26,29.27,28.78,28.81,22814500
INTC,2017-03-22,28.96,29.16,28.78,29.08,19144500
INTC,2017-03-23,29.18,29.18,28.79,29.0,20640400
INTC,2017-03-24,29.31,29.38,28.88,28.91,22188000
INTC,2017-03-27,28.84,29.19,28.73,29.1,16992200
INTC,2017-03-28,29.06,29.36,28.95,29.27,18398100
INTC,2017-03-29,29.21,29.35,29.14,29.25,17202600
INTC,2017-03-30,29.25,29.51,29.21,29.39,16433000
INTC,2017-03-31,29.39,29.81,29.39,29.66,21438400
INTC,2017-04-03,29.76,30.21,29.7,29.73,32013600
INTC,2017-04-04,29.7,29.91,29.59,29.83,18918000
INTC,2017-04-05,29.95,30.22,29.74,29.78,22455500
INTC,2017-04-06,29.71,29.83,29.62,29.62,20198200
INTC,2017-04-07,29.66,29.86,29.59,29.62,15689500
INTC,2017-04-10,29.62,29.67,29.28,29.44,19973700
INTC,2017-04-11,29.41,29.43,28.95,29.39,22711800
INTC,2017-04-12,29.49,29.61,29.19,29.3,19289800
INTC,2017-04-13,29.23,29.4,28.98,28.98,15764000
INTC,2017-04-17,29.14,29.26,29.05,29.17,12560700
INTC,2017-04-18,29.13,29.44,29.02,29.41,12321100
INTC,2017-04-19,29.58,29.78,29.51,29.53,16594600
INTC,2017-04-20,29.75,29.82,29.48,29.75,22968300
INTC,2017-04-21,29.76,29.95,29.48,29.86,20390500
INTC,2017-04-24,30.15,30.3,29.98,30.22,26305800
INTC,2017-04-25,30.23,30.42,30.14,30.32,22066800
INTC,2017-04-26,30.24,30.61,30.24,30.36,27241000
INTC,2017-04-27,30.32,30.83,30.24,30.78,39890000
INTC,2017-04-28,29.68,30.0,29.5,29.72,56769300
INTC,2017-05-01,29.69,29.93,29.55,29.85,24825600
INTC,2017-05-02,29.9,30.45,29.89,30.4,35813000
INTC,2017-05-03,30.42,30.79,30.33,30.63,22040300
INTC,2017-05-04,30.64,30.74,30.35,30.52,16437100
INTC,2017-05-05,30.53,30.59,30.23,30.5,18119200
INTC,2017-05-08,30.42,30.52,30.22,30.27,17660200
INTC,2017-05-09,30.22,30.44,30.05,30.13,17819100
INTC,2017-05-10,30.04,30.13,29.76,29.83,25133800
INTC,2017-05-11,29.75,29.82,29.36,29.56,21508900
INTC,2017-05-12,29.59,29.6,29.32,29.43,19730800
INTC,2017-05-15,29.43,29.59,29.34,29.51,22120100
INTC,2017-05-16,29.61,29.73,29.34,29.67,22291800
INTC,2017-05-17,29.55,29.81,29.01,29.02,26670200
INTC,2017-05-18,29.15,29.38,29.06,29.17,17171900
INTC,2017-05-19,29.12,29.45,29.1,29.32,18340100
INTC,2017-05-22,29.39,29.91,29.31,29.63,14638100
INTC,2017-05-23,29.71,29.81,29.46,29.7,16903700
INTC,2017-05-24,29.8,29.97,29.73,29.92,20640600
INTC,2017-05-25,29.92,30.14,29.87,30.04,13148500
INTC,2017-05-26,30.04,30.09,29.93,30.04,11145500
INTC,2017-05-30,30.04,30.18,29.89,29.97,13026900
INTC,2017-05-31,30.08,30.13,29.71,29.91,17741900
INTC,2017-06-01,29.92,29.93,29.65,29.92,17510900
INTC,2017-06-02,30.04,30.09,29.82,30.09,19127400
INTC,2017-06-05,30.07,30.23,29.99,30.1,11685700
INTC,2017-06-06,29.95,30.19,29.8,29.93,18420900
INTC,2017-06-07,29.93,30.29,29.9,30.04,17192000
INTC,2017-06-08,30.1,30.26,29.95,30.22,17154200
INTC,2017-06-09,30.23,30.28,29.25,29.58,33322100
INTC,2017-06-12,29.48,29.83,29.33,29.6,28488300
INTC,2017-06-13,29.55,29.78,29.43,29.72,20588200
INTC,2017-06-14,29.81,29.86,29.17,29.43,19149000
INTC,2017-06-15,29.17,29.39,29.11,29.25,20410000
PANW,2016-02-11,19.81,20.99,19.6,20.73,15145200
PANW,2016-02-12,20.49,20.75,19.55,20.62,20523600
PANW,2016-02-16,21.23,21.65,20.8,21.29,13677600
PANW,2016-02-17,21.57,22.29,21.25,22.11,19677600
PANW,2016-02-18,21.57,21.65,19.81,20.51,26812800
PANW,2016-02-19,20.52,21.28,20.28,21.19,13321200
PANW,2016-02-22,21.56,22.62,21.21,21.69,15269400
PANW,2016-02-23,21.68,21.91,21.08,21.25,12393000
PANW,2016-02-24,20.99,21.47,20.45,21.32,15125400
PANW,2016-02-25,21.96,23.9,20.52,23.38,35366400
PANW,2016-02-26,24.98,25.66,23.57,24.6,51581400
PANW,2016-02-29,24.5,24.66,23.89,24.13,19119600
PANW,2016-03-01,24.46,24.81,23.96,24.77,13834800
PANW,2016-03-02,24.63,24.98,24.25,24.69,11902200
PANW,2016-03-03,24.81,25.4,24.52,25.34,14425800
PANW,2016-03-04,25.39,25.72,25.08,25.16,11067600
PANW,2016-03-07,25.1,25.81,24.92,25.74,11633400
PANW,2016-03-08,25.44,25.63,25.22,25.44,6782400
PANW,2016-03-09,25.52,25.72,25.28,25.52,5862600
PANW,2016-03-10,25.69,25.82,24.7,25.12,9886800
PANW,2016-03-11,25.67,26.46,25.58,26.3,9881400
PANW,2016-03-14,26.09,26.17,25.59,25.83,8898600
PANW,2016-03-15,25.79,26.02,25.35,25.56,6037200
PANW,2016-03-16,25.41,25.94,25.18,25.78,7522800
PANW,2016-03-17,25.61,26.0,25.18,25.61,10096800
PANW,2016-03-18,25.83,26.34,25.77,25.95,8502000
PANW,2016-03-21,25.98,26.11,25.5,25.82,6807000
PANW,2016-03-22,25.66,26.6,25.66,26.41,7663800
PANW,2016-03-23,26.4,26.6,25.83,25.83,6096000
PANW,2016-03-24,25.79,26.05,25.5,25.95,6987600
PANW,2016-03-28,26.12,26.25,25.53,26.03,4843200
PANW,2016-03-29,26.08,26.72,25.93,26.55,7334400
PANW,2016-03-30,26.87,27.37,26.87,27.0,8404800
PANW,2016-03-31,26.85,27.55,26.75,27.19,8524800
PANW,2016-04-01,26.86,27.01,26.5,26.85,8845800
PANW,2016-04-04,26.88,27.29,26.71,26.93,8073600
PANW,2016-04-05,26.17,26.17,25.17,25.32,20185200
PANW,2016-04-06,25.55,26.4,25.5,26.37,9276600
PANW,2016-04-07,25.48,25.83,24.84,24.93,19894200
PANW,2016-04-08,25.28,25.28,24.15,24.64,17569200
PANW,2016-04-11,24.69,24.85,23.28,23.41,13928400
PANW,2016-04-12,23.33,23.46,22.46,23.17,15322800
PANW,2016-04-13,23.41,23.69,23.29,23.68,7491000
PANW,2016-04-14,23.67,23.75,23.1,23.45,7872000
PANW,2016-04-15,23.34,23.58,23.27,23.44,5182200
PANW,2016-04-18,23.4,23.93,23.4,23.59,5424000
PANW,2016-04-19,23.61,23.66,23.09,23.38,7636200
PANW,2016-04-20,22.96,23.56,22.64,23.39,9463200
PANW,2016-04-21,23.71,24.5,23.62,24.41,12779400
PANW,2016-04-22,24.26,24.97,24.25,24.75,10526400
PANW,2016-04-25,24.59,25.24,24.57,25.08,9492600
PANW,2016-04-26,25.26,25.55,24.94,25.13,9069000
PANW,2016-04-27,25.33,26.0,25.17,26.0,11170800
PANW,2016-04-28,25.83,26.21,25.18,25.24,9238800
PANW,2016-04-29,25.22,25.4,24.49,25.15,6861600
PANW,2016-05-02,25.27,25.33,24.86,25.31,4862400
PANW,2016-05-03,25.04,25.08,24.44,24.5,5992200
PANW,2016-05-04,24.26,24.37,23.49,23.68,10743000
PANW,2016-05-05,23.75,23.91,23.38,23.45,7640400
PANW,2016-05-06,23.03,23.24,21.92,22.69,18542400
PANW,2016-05-09,22.9,23.36,22.76,23.21,8270400
PANW,2016-05-10,23.29,23.67,22.96,23.41,7790400
