ticker,date,close
ONDS,2024-04-01,1.25
ONDS,2024-04-02,1.09
ONDS,2024-04-03,1.01
ONDS,2024-04-04,1.06
ONDS,2024-04-05,1.07
ONDS,2024-04-08,1.0
ONDS,2024-04-09,1.02
ONDS,2024-04-10,0.968
ONDS,2024-04-11,0.925
ONDS,2024-04-12,0.961
ONDS,2024-04-15,0.944
ONDS,2024-04-16,0.915
ONDS,2024-04-17,0.9
ONDS,2024-04-18,0.93
ONDS,2024-04-19,0.838
ONDS,2024-04-22,0.828
ONDS,2024-04-23,0.84
ONDS,2024-04-24,0.833
ONDS,2024-04-25,0.802
ONDS,2024-04-26,0.795
ONDS,2024-04-29,0.848
ONDS,2024-04-30,0.837
ONDS,2024-05-01,0.833
ONDS,2024-05-02,0.834
ONDS,2024-05-03,0.803
ONDS,2024-05-06,0.831
ONDS,2024-05-07,0.821
ONDS,2024-05-08,0.81
ONDS,2024-05-09,0.818
ONDS,2024-05-10,0.8
ONDS,2024-05-13,0.844
ONDS,2024-05-14,0.87
ONDS,2024-05-15,0.824
ONDS,2024-05-16,0.763
ONDS,2024-05-17,0.77
ONDS,2024-05-20,0.72
ONDS,2024-05-21,0.711
ONDS,2024-05-22,0.77
ONDS,2024-05-23,0.72
ONDS,2024-05-24,0.747
ONDS,2024-05-28,0.73
ONDS,2024-05-29,0.717
ONDS,2024-05-30,0.74
ONDS,2024-05-31,0.724
ONDS,2024-06-03,0.683
ONDS,2024-06-04,0.65
ONDS,2024-06-05,0.65
ONDS,2024-06-06,0.62
ONDS,2024-06-07,0.634
ONDS,2024-06-10,0.69
ONDS,2024-06-11,0.864
ONDS,2024-06-12,0.865
ONDS,2024-06-13,0.8
ONDS,2024-06-14,0.786
ONDS,2024-06-17,0.744
ONDS,2024-06-18,0.73
ONDS,2024-06-20,0.66
ONDS,2024-06-21,0.69
ONDS,2024-06-24,0.625
ONDS,2024-06-25,0.591
ONDS,2024-06-26,0.616
ONDS,2024-06-27,0.616
ONDS,2024-06-28,0.58
ONDS,2024-07-01,0.57
ABAT,2024-04-01,1.75
ABAT,2024-04-02,1.64
ABAT,2024-04-03,1.75
ABAT,2024-04-04,1.72
ABAT,2024-04-05,1.76
ABAT,2024-04-08,1.88
ABAT,2024-04-09,1.85
ABAT,2024-04-10,1.82
ABAT,2024-04-11,1.77
ABAT,2024-04-12,1.71
ABAT,2024-04-15,1.61
ABAT,2024-04-16,1.5
ABAT,2024-04-17,1.43
ABAT,2024-04-18,1.36
ABAT,2024-04-19,1.34
ABAT,2024-04-22,1.34
ABAT,2024-04-23,1.28
ABAT,2024-04-24,1.37
ABAT,2024-04-25,1.38
ABAT,2024-04-26,1.34
ABAT,2024-04-29,1.325
ABAT,2024-04-30,1.3
ABAT,2024-05-01,1.31
ABAT,2024-05-02,1.36
ABAT,2024-05-03,1.37
ABAT,2024-05-06,1.36
ABAT,2024-05-07,1.36
ABAT,2024-05-08,1.34
ABAT,2024-05-09,1.36
ABAT,2024-05-10,1.35
ABAT,2024-05-13,1.35
ABAT,2024-05-14,1.31
ABAT,2024-05-15,1.31
ABAT,2024-05-16,1.33
ABAT,2024-05-17,1.51
ABAT,2024-05-20,1.42
ABAT,2024-05-21,1.42
ABAT,2024-05-22,1.46
ABAT,2024-05-23,1.43
ABAT,2024-05-24,1.44
ABAT,2024-05-28,1.39
ABAT,2024-05-29,1.36
ABAT,2024-05-30,1.35
ABAT,2024-05-31,1.38
ABAT,2024-06-03,1.4
ABAT,2024-06-04,1.45
ABAT,2024-06-05,1.47
ABAT,2024-06-06,1.37
ABAT,2024-06-07,1.3
ABAT,2024-06-10,1.26
ABAT,2024-06-11,1.22
ABAT,2024-06-12,1.21
ABAT,2024-06-13,1.18
ABAT,2024-06-14,1.06
ABAT,2024-06-17,1.03
ABAT,2024-06-18,1.0
ABAT,2024-06-20,1.04
ABAT,2024-06-21,1.03
ABAT,2024-06-24,1.02
ABAT,2024-06-25,1.05
ABAT,2024-06-26,1.115
ABAT,2024-06-27,1.18
ABAT,2024-06-28,1.25
ABAT,2024-07-01,1.16
CIFR,2024-04-01,4.88
CIFR,2024-04-02,4.29
CIFR,2024-04-03,4.35
CIFR,2024-04-04,4.16
CIFR,2024-04-05,4.05
CIFR,2024-04-08,4.29
CIFR,2024-04-09,4.2
CIFR,2024-04-10,4.21
CIFR,2024-04-11,4.15
CIFR,2024-04-12,3.825
CIFR,2024-04-15,3.65
CIFR,2024-04-16,3.36
CIFR,2024-04-17,3.42
CIFR,2024-04-18,3.68
CIFR,2024-04-19,3.84
CIFR,2024-04-22,4.56
CIFR,2024-04-23,4.81
CIFR,2024-04-24,4.64
CIFR,2024-04-25,4.43
CIFR,2024-04-26,4.5
CIFR,2024-04-29,4.04
CIFR,2024-04-30,3.72
CIFR,2024-05-01,3.69
CIFR,2024-05-02,3.93
CIFR,2024-05-03,4.14
CIFR,2024-05-06,4.47
CIFR,2024-05-07,3.79
CIFR,2024-05-08,3.775
CIFR,2024-05-09,3.95
CIFR,2024-05-10,3.72
CIFR,2024-05-13,3.72
CIFR,2024-05-14,3.71
CIFR,2024-05-15,4.16
CIFR,2024-05-16,4.07
CIFR,2024-05-17,3.85
CIFR,2024-05-20,3.99
CIFR,2024-05-21,4.02
CIFR,2024-05-22,4.13
CIFR,2024-05-23,3.9
CIFR,2024-05-24,4.09
CIFR,2024-05-28,4.0
CIFR,2024-05-29,3.8
CIFR,2024-05-30,3.76
CIFR,2024-05-31,3.71
CIFR,2024-06-03,3.64
CIFR,2024-06-04,3.85
CIFR,2024-06-05,4.04
CIFR,2024-06-06,4.11
CIFR,2024-06-07,4.03
CIFR,2024-06-10,4.18
CIFR,2024-06-11,4.195
CIFR,2024-06-12,4.57
CIFR,2024-06-13,4.99
CIFR,2024-06-14,4.95
CIFR,2024-06-17,5.0
CIFR,2024-06-18,5.01
CIFR,2024-06-20,5.24
CIFR,2024-06-21,4.56
CIFR,2024-06-24,4.27
CIFR,2024-06-25,4.24
CIFR,2024-06-26,4.21
CIFR,2024-06-27,4.19
CIFR,2024-06-28,4.15
CIFR,2024-07-01,4.72
ENLV,2024-04-01,4.0
ENLV,2024-04-02,4.04
ENLV,2024-04-03,4.31
ENLV,2024-04-04,3.76
ENLV,2024-04-05,4.0
ENLV,2024-04-08,4.1
ENLV,2024-04-09,4.08
ENLV,2024-04-10,3.98
ENLV,2024-04-11,1.83
ENLV,2024-04-12,1.58
ENLV,2024-04-15,1.3
ENLV,2024-04-16,1.45
ENLV,2024-04-17,1.48
ENLV,2024-04-18,1.4
ENLV,2024-04-19,1.32
ENLV,2024-04-22,1.27
ENLV,2024-04-23,1.32
ENLV,2024-04-24,1.5
ENLV,2024-04-25,1.45
ENLV,2024-04-26,1.44
ENLV,2024-04-29,1.66
ENLV,2024-04-30,1.67
ENLV,2024-05-01,1.61
ENLV,2024-05-02,1.62
ENLV,2024-05-03,1.62
ENLV,2024-05-06,1.57
ENLV,2024-05-07,1.58
ENLV,2024-05-08,1.55
ENLV,2024-05-09,1.52
ENLV,2024-05-10,1.5
ENLV,2024-05-13,1.46
ENLV,2024-05-14,1.45
ENLV,2024-05-15,1.42
ENLV,2024-05-16,1.4
ENLV,2024-05-17,1.41
ENLV,2024-05-20,1.42
ENLV,2024-05-21,1.49
ENLV,2024-05-22,1.44
ENLV,2024-05-23,1.37
ENLV,2024-05-24,1.4
ENLV,2024-05-28,1.38
ENLV,2024-05-29,1.31
ENLV,2024-05-30,1.35
ENLV,2024-05-31,1.36
ENLV,2024-06-03,1.47
ENLV,2024-06-04,1.35
ENLV,2024-06-05,1.29
ENLV,2024-06-06,1.38
ENLV,2024-06-07,1.34
ENLV,2024-06-10,1.36
ENLV,2024-06-11,1.42
ENLV,2024-06-12,1.39
ENLV,2024-06-13,1.479
ENLV,2024-06-14,1.46
ENLV,2024-06-17,1.39
ENLV,2024-06-18,1.29
ENLV,2024-06-20,1.323
ENLV,2024-06-21,1.36
ENLV,2024-06-24,1.41
ENLV,2024-06-25,1.36
ENLV,2024-06-26,1.37
ENLV,2024-06-27,1.5
ENLV,2024-06-28,1.42
ENLV,2024-07-01,1.38
CRNC,2024-04-01,15.36
CRNC,2024-04-02,14.91
CRNC,2024-04-03,14.71
CRNC,2024-04-04,14.41
CRNC,2024-04-05,14.25
CRNC,2024-04-08,14.07
CRNC,2024-04-09,14.4
CRNC,2024-04-10,13.14
CRNC,2024-04-11,13.68
CRNC,2024-04-12,13.36
CRNC,2024-04-15,12.11
CRNC,2024-04-16,11.255
CRNC,2024-04-17,10.74
CRNC,2024-04-18,10.35
CRNC,2024-04-19,10.35
CRNC,2024-04-22,9.62
CRNC,2024-04-23,9.76
CRNC,2024-04-24,10.05
CRNC,2024-04-25,9.39
CRNC,2024-04-26,9.71
CRNC,2024-04-29,9.65
CRNC,2024-04-30,9.11
CRNC,2024-05-01,9.29
CRNC,2024-05-02,9.74
CRNC,2024-05-03,10.15
CRNC,2024-05-06,10.11
CRNC,2024-05-07,9.42
CRNC,2024-05-08,9.56
CRNC,2024-05-09,6.28
CRNC,2024-05-10,5.35
CRNC,2024-05-13,5.1
CRNC,2024-05-14,4.99
CRNC,2024-05-15,4.85
CRNC,2024-05-16,4.89
CRNC,2024-05-17,3.99
CRNC,2024-05-20,3.95
CRNC,2024-05-21,3.875
CRNC,2024-05-22,4.13
CRNC,2024-05-23,3.51
CRNC,2024-05-24,3.21
CRNC,2024-05-28,3.81
CRNC,2024-05-29,3.9
CRNC,2024-05-30,3.58
CRNC,2024-05-31,3.44
CRNC,2024-06-03,3.39
CRNC,2024-06-04,3.16
CRNC,2024-06-05,3.1
CRNC,2024-06-06,3.01
CRNC,2024-06-07,3.04
CRNC,2024-06-10,3.3
CRNC,2024-06-11,3.21
CRNC,2024-06-12,3.16
CRNC,2024-06-13,3.0
CRNC,2024-06-14,2.98
CRNC,2024-06-17,2.97
CRNC,2024-06-18,2.91
CRNC,2024-06-20,3.02
CRNC,2024-06-21,3.17
CRNC,2024-06-24,3.06
CRNC,2024-06-25,2.62
CRNC,2024-06-26,2.84
CRNC,2024-06-27,2.75
CRNC,2024-06-28,2.83
CRNC,2024-07-01,2.84
AMLX,2024-04-01,2.71
AMLX,2024-04-02,2.62
AMLX,2024-04-03,2.63
AMLX,2024-04-04,2.61
AMLX,2024-04-05,2.62
AMLX,2024-04-08,2.69
AMLX,2024-04-09,2.67
AMLX,2024-04-10,2.46
AMLX,2024-04-11,2.29
AMLX,2024-04-12,2.1
AMLX,2024-04-15,2.07
AMLX,2024-04-16,2.01
AMLX,2024-04-17,2.0
AMLX,2024-04-18,1.98
AMLX,2024-04-19,1.87
AMLX,2024-04-22,1.98
AMLX,2024-04-23,1.95
AMLX,2024-04-24,1.88
AMLX,2024-04-25,1.78
AMLX,2024-04-26,1.76
AMLX,2024-04-29,1.9
AMLX,2024-04-30,1.81
AMLX,2024-05-01,1.93
AMLX,2024-05-02,2.0
AMLX,2024-05-03,2.03
AMLX,2024-05-06,1.99
AMLX,2024-05-07,1.97
AMLX,2024-05-08,1.93
AMLX,2024-05-09,1.89
AMLX,2024-05-10,1.755
AMLX,2024-05-13,1.82
AMLX,2024-05-14,1.87
AMLX,2024-05-15,1.82
AMLX,2024-05-16,1.83
AMLX,2024-05-17,1.83
AMLX,2024-05-20,1.84
AMLX,2024-05-21,1.8
AMLX,2024-05-22,1.83
AMLX,2024-05-23,1.78
AMLX,2024-05-24,1.73
AMLX,2024-05-28,1.71
AMLX,2024-05-29,1.67
AMLX,2024-05-30,1.68
AMLX,2024-05-31,1.72
AMLX,2024-06-03,1.7
AMLX,2024-06-04,1.71
AMLX,2024-06-05,1.76
AMLX,2024-06-06,1.76
AMLX,2024-06-07,1.77
AMLX,2024-06-10,1.76
AMLX,2024-06-11,1.74
AMLX,2024-06-12,1.71
AMLX,2024-06-13,1.68
AMLX,2024-06-14,1.64
AMLX,2024-06-17,1.65
AMLX,2024-06-18,1.62
AMLX,2024-06-20,1.65
AMLX,2024-06-21,1.78
AMLX,2024-06-24,1.83
AMLX,2024-06-25,1.85
AMLX,2024-06-26,1.83
AMLX,2024-06-27,1.93
AMLX,2024-06-28,1.9
AMLX,2024-07-01,1.88
EVGO,2024-04-01,2.41
EVGO,2024-04-02,2.21
EVGO,2024-04-03,2.21
EVGO,2024-04-04,2.19
EVGO,2024-04-05,2.14
EVGO,2024-04-08,2.11
EVGO,2024-04-09,2.18
EVGO,2024-04-10,2.08
EVGO,2024-04-11,2.06
EVGO,2024-04-12,1.95
EVGO,2024-04-15,1.89
EVGO,2024-04-16,1.88
EVGO,2024-04-17,1.8
EVGO,2024-04-18,1.76
EVGO,2024-04-19,1.73
EVGO,2024-04-22,1.74
EVGO,2024-04-23,1.75
EVGO,2024-04-24,1.72
EVGO,2024-04-25,1.71
EVGO,2024-04-26,1.81
EVGO,2024-04-29,1.83
EVGO,2024-04-30,1.81
EVGO,2024-05-01,1.9
EVGO,2024-05-02,1.9
EVGO,2024-05-03,1.99
EVGO,2024-05-06,1.99
EVGO,2024-05-07,1.79
EVGO,2024-05-08,1.75
EVGO,2024-05-09,1.99
EVGO,2024-05-10,1.86
EVGO,2024-05-13,1.95
EVGO,2024-05-14,2.27
EVGO,2024-05-15,2.36
EVGO,2024-05-16,2.36
EVGO,2024-05-17,2.28
EVGO,2024-05-20,2.08
EVGO,2024-05-21,2.17
EVGO,2024-05-22,2.23
EVGO,2024-05-23,2.1
EVGO,2024-05-24,2.14
EVGO,2024-05-28,2.08
EVGO,2024-05-29,2.05
EVGO,2024-05-30,2.08
EVGO,2024-05-31,2.03
EVGO,2024-06-03,1.95
EVGO,2024-06-04,1.94
EVGO,2024-06-05,2.15
EVGO,2024-06-06,2.13
EVGO,2024-06-07,2.04
EVGO,2024-06-10,2.11
EVGO,2024-06-11,2.14
EVGO,2024-06-12,2.15
EVGO,2024-06-13,2.05
EVGO,2024-06-14,2.04
EVGO,2024-06-17,2.1
EVGO,2024-06-18,2.04
EVGO,2024-06-20,1.96
EVGO,2024-06-21,2.03
EVGO,2024-06-24,2.31
EVGO,2024-06-25,2.305
EVGO,2024-06-26,2.34
EVGO,2024-06-27,2.54
EVGO,2024-06-28,2.45
EVGO,2024-07-01,2.4
DHC,2024-04-01,2.293
DHC,2024-04-02,2.244
DHC,2024-04-03,2.371
DHC,2024-04-04,2.459
DHC,2024-04-05,2.527
DHC,2024-04-08,2.644
DHC,2024-04-09,2.673
DHC,2024-04-10,2.527
DHC,2024-04-11,2.546
DHC,2024-04-12,2.468
DHC,2024-04-15,2.478
DHC,2024-04-16,2.302
DHC,2024-04-17,2.293
DHC,2024-04-18,2.302
DHC,2024-04-19,2.361
DHC,2024-04-22,2.381
DHC,2024-04-23,2.361
DHC,2024-04-24,2.361
DHC,2024-04-25,2.332
DHC,2024-04-26,2.381
DHC,2024-04-29,2.351
DHC,2024-04-30,2.312
DHC,2024-05-01,2.312
DHC,2024-05-02,2.371
DHC,2024-05-03,2.567
DHC,2024-05-06,2.508
DHC,2024-05-07,2.263
DHC,2024-05-08,2.175
DHC,2024-05-09,2.273
DHC,2024-05-10,2.224
DHC,2024-05-13,2.342
DHC,2024-05-14,2.547
DHC,2024-05-15,2.332
DHC,2024-05-16,2.342
DHC,2024-05-17,2.322
DHC,2024-05-20,2.302
DHC,2024-05-21,2.342
DHC,2024-05-22,2.332
DHC,2024-05-23,2.244
DHC,2024-05-24,2.253
DHC,2024-05-28,2.361
DHC,2024-05-29,2.244
DHC,2024-05-30,2.293
DHC,2024-05-31,2.381
DHC,2024-06-03,2.469
DHC,2024-06-04,2.694
DHC,2024-06-05,2.92
DHC,2024-06-06,2.871
DHC,2024-06-07,2.724
DHC,2024-06-10,2.704
DHC,2024-06-11,2.743
DHC,2024-06-12,2.871
DHC,2024-06-13,2.714
DHC,2024-06-14,2.763
DHC,2024-06-17,2.753
DHC,2024-06-18,2.753
DHC,2024-06-20,2.773
DHC,2024-06-21,2.567
DHC,2024-06-24,2.655
DHC,2024-06-25,2.675
DHC,2024-06-26,2.645
DHC,2024-06-27,2.91
DHC,2024-06-28,2.988
DHC,2024-07-01,2.949
OPEN,2024-04-01,2.91
OPEN,2024-04-02,2.78
OPEN,2024-04-03,2.87
OPEN,2024-04-04,2.76
OPEN,2024-04-05,2.7
OPEN,2024-04-08,2.69
OPEN,2024-04-09,2.74
OPEN,2024-04-10,2.45
OPEN,2024-04-11,2.46
OPEN,2024-04-12,2.34
OPEN,2024-04-15,2.19
OPEN,2024-04-16,2.16
OPEN,2024-04-17,2.16
OPEN,2024-04-18,2.155
OPEN,2024-04-19,2.17
OPEN,2024-04-22,2.17
OPEN,2024-04-23,2.23
OPEN,2024-04-24,2.15
OPEN,2024-04-25,2.07
OPEN,2024-04-26,2.14
OPEN,2024-04-29,2.125
OPEN,2024-04-30,1.99
OPEN,2024-05-01,2.0
OPEN,2024-05-02,2.03
OPEN,2024-05-03,2.21
OPEN,2024-05-06,2.35
OPEN,2024-05-07,2.25
OPEN,2024-05-08,2.12
OPEN,2024-05-09,2.3
OPEN,2024-05-10,2.32
OPEN,2024-05-13,2.48
OPEN,2024-05-14,2.45
OPEN,2024-05-15,2.48
OPEN,2024-05-16,2.435
OPEN,2024-05-17,2.41
OPEN,2024-05-20,2.42
OPEN,2024-05-21,2.25
OPEN,2024-05-22,2.2
OPEN,2024-05-23,2.12
OPEN,2024-05-24,2.13
OPEN,2024-05-28,2.2
OPEN,2024-05-29,2.06
OPEN,2024-05-30,2.11
OPEN,2024-05-31,2.18
OPEN,2024-06-03,2.18
OPEN,2024-06-04,2.16
OPEN,2024-06-05,2.22
OPEN,2024-06-06,2.28
OPEN,2024-06-07,2.13
OPEN,2024-06-10,2.12
OPEN,2024-06-11,2.13
OPEN,2024-06-12,2.23
OPEN,2024-06-13,2.1
OPEN,2024-06-14,2.06
OPEN,2024-06-17,1.99
OPEN,2024-06-18,1.97
OPEN,2024-06-20,1.85
OPEN,2024-06-21,1.89
OPEN,2024-06-24,1.85
OPEN,2024-06-25,1.76
OPEN,2024-06-26,1.84
OPEN,2024-06-27,1.88
OPEN,2024-06-28,1.84
OPEN,2024-07-01,1.79
ADV,2024-04-01,4.29
ADV,2024-04-02,4.28
ADV,2024-04-03,4.35
ADV,2024-04-04,4.29
ADV,2024-04-05,4.26
ADV,2024-04-08,4.25
ADV,2024-04-09,4.3
ADV,2024-04-10,4.13
ADV,2024-04-11,4.33
ADV,2024-04-12,4.22
ADV,2024-04-15,4.12
ADV,2024-04-16,4.21
ADV,2024-04-17,4.26
ADV,2024-04-18,4.26
ADV,2024-04-19,4.33
ADV,2024-04-22,4.49
ADV,2024-04-23,4.68
ADV,2024-04-24,4.57
ADV,2024-04-25,4.55
ADV,2024-04-26,4.51
ADV,2024-04-29,4.33
ADV,2024-04-30,4.26
ADV,2024-05-01,4.42
ADV,2024-05-02,4.56
ADV,2024-05-03,4.55
ADV,2024-05-06,4.52
ADV,2024-05-07,4.28
ADV,2024-05-08,4.26
ADV,2024-05-09,3.74
ADV,2024-05-10,3.51
ADV,2024-05-13,3.42
ADV,2024-05-14,3.4
ADV,2024-05-15,3.4
ADV,2024-05-16,3.32
ADV,2024-05-17,3.37
ADV,2024-05-20,3.62
ADV,2024-05-21,3.52
ADV,2024-05-22,3.57
ADV,2024-05-23,3.47
ADV,2024-05-24,3.46
ADV,2024-05-28,3.54
ADV,2024-05-29,3.52
ADV,2024-05-30,3.46
ADV,2024-05-31,3.44
ADV,2024-06-03,3.24
ADV,2024-06-04,2.865
ADV,2024-06-05,2.93
ADV,2024-06-06,2.98
ADV,2024-06-07,3.02
ADV,2024-06-10,2.99
ADV,2024-06-11,3.01
ADV,2024-06-12,3.06
ADV,2024-06-13,2.93
ADV,2024-06-14,2.78
ADV,2024-06-17,2.99
ADV,2024-06-18,2.96
ADV,2024-06-20,2.74
ADV,2024-06-21,2.9
ADV,2024-06-24,2.87
ADV,2024-06-25,3.05
ADV,2024-06-26,3.15
ADV,2024-06-27,3.21
ADV,2024-06-28,3.22
ADV,2024-07-01,3.13
BGM,2024-04-01,3.3
BGM,2024-04-02,2.9
BGM,2024-04-03,3.5
BGM,2024-04-04,3.75
BGM,2024-04-05,3.9
BGM,2024-04-08,3.935
BGM,2024-04-09,3.575
BGM,2024-04-10,3.55
BGM,2024-04-11,3.28
BGM,2024-04-12,3.8
BGM,2024-04-15,3.5
BGM,2024-04-16,3.495
BGM,2024-04-17,4.455
BGM,2024-04-18,3.85
BGM,2024-04-19,3.9
BGM,2024-04-22,3.8
BGM,2024-04-23,3.675
BGM,2024-04-24,3.95
BGM,2024-04-25,3.945
BGM,2024-04-26,3.745
BGM,2024-04-29,4.125
BGM,2024-04-30,3.67
BGM,2024-05-01,3.25
BGM,2024-05-02,3.445
BGM,2024-05-03,3.39
BGM,2024-05-06,3.5
BGM,2024-05-07,3.46
BGM,2024-05-08,3.25
BGM,2024-05-09,3.315
BGM,2024-05-10,3.65
BGM,2024-05-13,3.82
BGM,2024-05-14,3.585
BGM,2024-05-15,3.45
BGM,2024-05-16,3.58
BGM,2024-05-17,3.41
BGM,2024-05-20,3.305
BGM,2024-05-21,3.6
BGM,2024-05-22,2.9
BGM,2024-05-23,3.3
BGM,2024-05-24,4.34
BGM,2024-05-28,3.9
BGM,2024-05-29,3.725
BGM,2024-05-30,3.99
BGM,2024-05-31,4.0
BGM,2024-06-03,4.3
BGM,2024-06-04,4.02
BGM,2024-06-05,3.6
BGM,2024-06-06,3.8
BGM,2024-06-07,3.63
BGM,2024-06-10,3.565
BGM,2024-06-11,3.555
BGM,2024-06-12,3.455
BGM,2024-06-13,3.415
BGM,2024-06-14,3.7
BGM,2024-06-17,3.59
BGM,2024-06-18,3.88
BGM,2024-06-20,4.465
BGM,2024-06-21,3.88
BGM,2024-06-24,3.4
BGM,2024-06-25,3.23
BGM,2024-06-26,3.05
BGM,2024-06-27,3.04
BGM,2024-06-28,3.322
BGM,2024-07-01,3.67
BLDP,2024-04-01,3.27
BLDP,2024-04-02,3.13
BLDP,2024-04-03,3.24
BLDP,2024-04-04,3.19
BLDP,2024-04-05,3.15
BLDP,2024-04-08,3.14
BLDP,2024-04-09,3.26
BLDP,2024-04-10,3.15
BLDP,2024-04-11,3.08
BLDP,2024-04-12,2.94
BLDP,2024-04-15,2.79
BLDP,2024-04-16,2.72
BLDP,2024-04-17,2.72
BLDP,2024-04-18,2.69
BLDP,2024-04-19,2.63
BLDP,2024-04-22,2.58
BLDP,2024-04-23,2.61
BLDP,2024-04-24,2.54
BLDP,2024-04-25,2.47
BLDP,2024-04-26,2.6
BLDP,2024-04-29,2.69
BLDP,2024-04-30,2.63
BLDP,2024-05-01,2.66
BLDP,2024-05-02,2.73
BLDP,2024-05-03,2.81
BLDP,2024-05-06,2.83
BLDP,2024-05-07,2.84
BLDP,2024-05-08,2.88
BLDP,2024-05-09,3.07
BLDP,2024-05-10,2.83
BLDP,2024-05-13,3.01
BLDP,2024-05-14,3.2
BLDP,2024-05-15,3.13
BLDP,2024-05-16,3.14
BLDP,2024-05-17,3.07
BLDP,2024-05-20,3.08
BLDP,2024-05-21,2.99
BLDP,2024-05-22,3.11
BLDP,2024-05-23,3.0
BLDP,2024-05-24,3.09
BLDP,2024-05-28,3.13
BLDP,2024-05-29,3.03
BLDP,2024-05-30,3.15
BLDP,2024-05-31,3.09
BLDP,2024-06-03,3.05
BLDP,2024-06-04,2.92
BLDP,2024-06-05,2.87
BLDP,2024-06-06,2.79
BLDP,2024-06-07,2.72
BLDP,2024-06-10,2.79
BLDP,2024-06-11,2.78
BLDP,2024-06-12,2.76
BLDP,2024-06-13,2.71
BLDP,2024-06-14,2.58
BLDP,2024-06-17,2.55
BLDP,2024-06-18,2.74
BLDP,2024-06-20,2.67
BLDP,2024-06-21,2.58
BLDP,2024-06-24,2.45
BLDP,2024-06-25,2.31
BLDP,2024-06-26,2.28
BLDP,2024-06-27,2.29
BLDP,2024-06-28,2.25
BLDP,2024-07-01,2.23
PLUG,2024-04-01,3.44
PLUG,2024-04-02,3.14
PLUG,2024-04-03,3.23
PLUG,2024-04-04,3.15
PLUG,2024-04-05,3.14
PLUG,2024-04-08,3.12
PLUG,2024-04-09,3.25
PLUG,2024-04-10,3.07
PLUG,2024-04-11,2.96
PLUG,2024-04-12,2.89
PLUG,2024-04-15,2.85
PLUG,2024-04-16,2.7
PLUG,2024-04-17,2.73
PLUG,2024-04-18,2.71
PLUG,2024-04-19,2.57
PLUG,2024-04-22,2.49
PLUG,2024-04-23,2.59
PLUG,2024-04-24,2.41
PLUG,2024-04-25,2.38
PLUG,2024-04-26,2.41
PLUG,2024-04-29,2.4
PLUG,2024-04-30,2.31
PLUG,2024-05-01,2.3
PLUG,2024-05-02,2.45
PLUG,2024-05-03,2.74
PLUG,2024-05-06,2.71
PLUG,2024-05-07,2.64
PLUG,2024-05-08,2.52
PLUG,2024-05-09,2.77
PLUG,2024-05-10,2.56
PLUG,2024-05-13,2.89
PLUG,2024-05-14,3.44
PLUG,2024-05-15,3.41
PLUG,2024-05-16,3.43
PLUG,2024-05-17,3.25
PLUG,2024-05-20,3.2
PLUG,2024-05-21,3.08
PLUG,2024-05-22,3.41
PLUG,2024-05-23,3.08
PLUG,2024-05-24,3.25
PLUG,2024-05-28,3.25
PLUG,2024-05-29,3.2
PLUG,2024-05-30,3.3
PLUG,2024-05-31,3.33
PLUG,2024-06-03,3.45
PLUG,2024-06-04,3.22
PLUG,2024-06-05,3.01
PLUG,2024-06-06,3.0
PLUG,2024-06-07,2.9
PLUG,2024-06-10,2.97
PLUG,2024-06-11,2.92
PLUG,2024-06-12,2.92
PLUG,2024-06-13,2.84
PLUG,2024-06-14,2.7
PLUG,2024-06-17,2.72
PLUG,2024-06-18,2.64
PLUG,2024-06-20,2.54
PLUG,2024-06-21,2.41
PLUG,2024-06-24,2.45
PLUG,2024-06-25,2.36
PLUG,2024-06-26,2.45
PLUG,2024-06-27,2.46
PLUG,2024-06-28,2.33
PLUG,2024-07-01,2.28
OCUL,2024-04-01,8.69
OCUL,2024-04-02,8.48
OCUL,2024-04-03,8.45
OCUL,2024-04-04,8.47
OCUL,2024-04-05,8.44
OCUL,2024-04-08,7.99
OCUL,2024-04-09,8.17
OCUL,2024-04-10,7.91
OCUL,2024-04-11,8.28
OCUL,2024-04-12,7.99
OCUL,2024-04-15,7.8
OCUL,2024-04-16,7.79
OCUL,2024-04-17,7.58
OCUL,2024-04-18,5.86
OCUL,2024-04-19,5.22
OCUL,2024-04-22,5.075
OCUL,2024-04-23,5.0
OCUL,2024-04-24,4.645
OCUL,2024-04-25,4.2
OCUL,2024-04-26,4.745
OCUL,2024-04-29,4.8
OCUL,2024-04-30,4.74
OCUL,2024-05-01,5.02
OCUL,2024-05-02,5.87
OCUL,2024-05-03,6.17
OCUL,2024-05-06,5.8
OCUL,2024-05-07,5.93
OCUL,2024-05-08,5.75
OCUL,2024-05-09,5.84
OCUL,2024-05-10,5.66
OCUL,2024-05-13,5.64
OCUL,2024-05-14,6.05
OCUL,2024-05-15,6.29
OCUL,2024-05-16,6.27
OCUL,2024-05-17,6.17
OCUL,2024-05-20,6.29
OCUL,2024-05-21,6.1
OCUL,2024-05-22,6.0
OCUL,2024-05-23,5.8
OCUL,2024-05-24,5.795
OCUL,2024-05-28,5.93
OCUL,2024-05-29,5.87
OCUL,2024-05-30,5.8
OCUL,2024-05-31,5.7
OCUL,2024-06-03,5.51
OCUL,2024-06-04,5.3
OCUL,2024-06-05,5.49
OCUL,2024-06-06,5.2
OCUL,2024-06-07,4.94
OCUL,2024-06-10,4.98
OCUL,2024-06-11,5.02
OCUL,2024-06-12,4.93
OCUL,2024-06-13,5.04
OCUL,2024-06-14,5.75
OCUL,2024-06-17,5.5
OCUL,2024-06-18,5.49
OCUL,2024-06-20,6.08
OCUL,2024-06-21,6.25
OCUL,2024-06-24,6.53
OCUL,2024-06-25,6.56
OCUL,2024-06-26,6.63
OCUL,2024-06-27,6.76
OCUL,2024-06-28,6.84
OCUL,2024-07-01,6.66
ATPC,2024-04-01,6.28
ATPC,2024-04-02,6.38
ATPC,2024-04-03,6.24
ATPC,2024-04-04,6.22
ATPC,2024-04-05,6.24
ATPC,2024-04-08,5.92
ATPC,2024-04-09,5.66
ATPC,2024-04-10,5.6
ATPC,2024-04-11,4.84
ATPC,2024-04-12,4.86
ATPC,2024-04-15,4.6
ATPC,2024-04-16,4.66
ATPC,2024-04-17,4.62
ATPC,2024-04-18,4.8
ATPC,2024-04-19,4.98
ATPC,2024-04-22,5.0
ATPC,2024-04-23,5.0
ATPC,2024-04-24,5.08
ATPC,2024-04-25,4.82
ATPC,2024-04-26,4.42
ATPC,2024-04-29,4.56
ATPC,2024-04-30,4.96
ATPC,2024-05-01,6.0
ATPC,2024-05-02,6.08
ATPC,2024-05-03,5.48
ATPC,2024-05-06,4.96
ATPC,2024-05-07,4.8
ATPC,2024-05-08,4.72
ATPC,2024-05-09,5.7
ATPC,2024-05-10,4.9
ATPC,2024-05-13,4.76
ATPC,2024-05-14,4.84
ATPC,2024-05-15,4.84
ATPC,2024-05-16,4.88
ATPC,2024-05-17,5.1
ATPC,2024-05-20,5.0
ATPC,2024-05-21,5.14
ATPC,2024-05-22,5.14
ATPC,2024-05-23,5.26
ATPC,2024-05-24,5.56
ATPC,2024-05-28,5.5
ATPC,2024-05-29,5.24
ATPC,2024-05-30,5.1
ATPC,2024-05-31,5.0
ATPC,2024-06-03,6.2
ATPC,2024-06-04,5.2
ATPC,2024-06-05,5.02
ATPC,2024-06-06,5.0
ATPC,2024-06-07,5.2
ATPC,2024-06-10,4.84
ATPC,2024-06-11,4.7
ATPC,2024-06-12,4.62
ATPC,2024-06-13,4.52
ATPC,2024-06-14,4.56
ATPC,2024-06-17,4.4
ATPC,2024-06-18,4.42
ATPC,2024-06-20,4.26
ATPC,2024-06-21,4.38
ATPC,2024-06-24,4.4
ATPC,2024-06-25,4.4
ATPC,2024-06-26,4.3
ATPC,2024-06-27,4.36
ATPC,2024-06-28,4.24
ATPC,2024-07-01,4.18
INTR,2024-04-01,5.643
INTR,2024-04-02,5.594
INTR,2024-04-03,5.535
INTR,2024-04-04,5.682
INTR,2024-04-05,5.711
INTR,2024-04-08,5.927
INTR,2024-04-09,5.897
INTR,2024-04-10,5.652
INTR,2024-04-11,5.476
INTR,2024-04-12,5.27
INTR,2024-04-15,5.024
INTR,2024-04-16,4.896
INTR,2024-04-17,4.985
INTR,2024-04-18,5.024
INTR,2024-04-19,5.132
INTR,2024-04-22,5.132
INTR,2024-04-23,5.152
INTR,2024-04-24,4.994
INTR,2024-04-25,4.985
INTR,2024-04-26,5.132
INTR,2024-04-29,5.083
INTR,2024-04-30,4.955
INTR,2024-05-01,4.975
INTR,2024-05-02,5.063
INTR,2024-05-03,5.389
INTR,2024-05-06,5.369
INTR,2024-05-07,5.32
INTR,2024-05-08,5.379
INTR,2024-05-09,5.645
INTR,2024-05-10,5.664
INTR,2024-05-13,5.566
INTR,2024-05-14,5.911
INTR,2024-05-15,6.029
INTR,2024-05-16,6.206
INTR,2024-05-17,6.324
INTR,2024-05-20,6.423
INTR,2024-05-21,6.649
INTR,2024-05-22,6.433
INTR,2024-05-23,6.383
INTR,2024-05-24,6.433
INTR,2024-05-28,6.413
INTR,2024-05-29,6.157
INTR,2024-05-30,6.246
INTR,2024-05-31,5.989
INTR,2024-06-03,5.792
INTR,2024-06-04,5.556
INTR,2024-06-05,5.842
INTR,2024-06-06,6.117
INTR,2024-06-07,5.852
INTR,2024-06-10,5.674
INTR,2024-06-11,5.773
INTR,2024-06-12,5.586
INTR,2024-06-13,5.546
INTR,2024-06-14,5.704
INTR,2024-06-17,5.723
INTR,2024-06-18,5.615
INTR,2024-06-20,5.674
INTR,2024-06-21,5.694
INTR,2024-06-24,5.812
INTR,2024-06-25,5.98
INTR,2024-06-26,6.058
INTR,2024-06-27,6.147
INTR,2024-06-28,6.058
INTR,2024-07-01,5.881
EDIT,2024-04-01,7.28
EDIT,2024-04-02,6.87
EDIT,2024-04-03,6.86
EDIT,2024-04-04,6.81
EDIT,2024-04-05,6.72
EDIT,2024-04-08,6.72
EDIT,2024-04-09,7.01
EDIT,2024-04-10,6.63
EDIT,2024-04-11,6.58
EDIT,2024-04-12,6.21
EDIT,2024-04-15,6.08
EDIT,2024-04-16,5.85
EDIT,2024-04-17,5.61
EDIT,2024-04-18,5.55
EDIT,2024-04-19,5.49
EDIT,2024-04-22,5.6
EDIT,2024-04-23,5.46
EDIT,2024-04-24,5.35
EDIT,2024-04-25,5.22
EDIT,2024-04-26,5.32
EDIT,2024-04-29,5.37
EDIT,2024-04-30,5.21
EDIT,2024-05-01,5.47
EDIT,2024-05-02,5.62
EDIT,2024-05-03,5.67
EDIT,2024-05-06,5.66
EDIT,2024-05-07,5.68
EDIT,2024-05-08,5.035
EDIT,2024-05-09,5.56
EDIT,2024-05-10,5.32
EDIT,2024-05-13,5.71
EDIT,2024-05-14,5.68
EDIT,2024-05-15,6.0
EDIT,2024-05-16,5.89
EDIT,2024-05-17,5.62
EDIT,2024-05-20,5.52
EDIT,2024-05-21,5.51
EDIT,2024-05-22,6.02
EDIT,2024-05-23,5.83
EDIT,2024-05-24,5.63
EDIT,2024-05-28,5.32
EDIT,2024-05-29,5.1
EDIT,2024-05-30,5.17
EDIT,2024-05-31,5.2
EDIT,2024-06-03,5.41
EDIT,2024-06-04,5.75
EDIT,2024-06-05,5.6
EDIT,2024-06-06,5.43
EDIT,2024-06-07,5.3
EDIT,2024-06-10,5.32
EDIT,2024-06-11,5.43
EDIT,2024-06-12,6.04
EDIT,2024-06-13,5.49
EDIT,2024-06-14,5.06
EDIT,2024-06-17,5.07
EDIT,2024-06-18,5.04
EDIT,2024-06-20,5.04
EDIT,2024-06-21,5.11
EDIT,2024-06-24,5.08
EDIT,2024-06-25,4.97
EDIT,2024-06-26,4.81
EDIT,2024-06-27,4.74
EDIT,2024-06-28,4.67
EDIT,2024-07-01,4.61
HIMX,2024-04-01,5.017
HIMX,2024-04-02,4.961
HIMX,2024-04-03,5.017
HIMX,2024-04-04,4.961
HIMX,2024-04-05,5.026
HIMX,2024-04-08,5.008
HIMX,2024-04-09,5.128
HIMX,2024-04-10,4.989
HIMX,2024-04-11,5.017
HIMX,2024-04-12,4.859
HIMX,2024-04-15,4.776
HIMX,2024-04-16,4.766
HIMX,2024-04-17,4.599
HIMX,2024-04-18,4.609
HIMX,2024-04-19,4.479
HIMX,2024-04-22,4.525
HIMX,2024-04-23,4.553
HIMX,2024-04-24,4.599
HIMX,2024-04-25,4.599
HIMX,2024-04-26,4.674
HIMX,2024-04-29,4.711
HIMX,2024-04-30,4.683
HIMX,2024-05-01,4.609
HIMX,2024-05-02,4.683
HIMX,2024-05-03,4.785
HIMX,2024-05-06,4.794
HIMX,2024-05-07,4.841
HIMX,2024-05-08,4.841
HIMX,2024-05-09,5.286
HIMX,2024-05-10,5.434
HIMX,2024-05-13,5.629
HIMX,2024-05-14,5.684
HIMX,2024-05-15,5.972
HIMX,2024-05-16,6.167
HIMX,2024-05-17,6.185
HIMX,2024-05-20,6.194
HIMX,2024-05-21,6.065
HIMX,2024-05-22,6.167
HIMX,2024-05-23,5.981
HIMX,2024-05-24,5.981
HIMX,2024-05-28,5.944
HIMX,2024-05-29,5.981
HIMX,2024-05-30,5.981
HIMX,2024-05-31,6.028
HIMX,2024-06-03,6.148
HIMX,2024-06-04,6.0
HIMX,2024-06-05,6.13
HIMX,2024-06-06,6.157
HIMX,2024-06-07,6.055
HIMX,2024-06-10,6.194
HIMX,2024-06-11,6.473
HIMX,2024-06-12,6.519
HIMX,2024-06-13,6.222
HIMX,2024-06-14,6.12
HIMX,2024-06-17,6.194
HIMX,2024-06-18,6.871
HIMX,2024-06-20,8.021
HIMX,2024-06-21,7.613
HIMX,2024-06-24,7.511
HIMX,2024-06-25,7.734
HIMX,2024-06-26,7.678
HIMX,2024-06-27,7.715
HIMX,2024-06-28,7.629
HIMX,2024-07-01,7.417
OPAL,2024-04-01,4.91
OPAL,2024-04-02,4.87
OPAL,2024-04-03,4.81
OPAL,2024-04-04,4.86
OPAL,2024-04-05,4.9
OPAL,2024-04-08,4.91
OPAL,2024-04-09,4.96
OPAL,2024-04-10,4.94
OPAL,2024-04-11,4.88
OPAL,2024-04-12,4.77
OPAL,2024-04-15,4.75
OPAL,2024-04-16,4.74
OPAL,2024-04-17,4.73
OPAL,2024-04-18,4.7
OPAL,2024-04-19,4.685
OPAL,2024-04-22,4.53
OPAL,2024-04-23,4.6
OPAL,2024-04-24,4.65
OPAL,2024-04-25,4.62
OPAL,2024-04-26,4.64
OPAL,2024-04-29,4.86
OPAL,2024-04-30,4.68
OPAL,2024-05-01,4.59
OPAL,2024-05-02,4.83
OPAL,2024-05-03,4.9
OPAL,2024-05-06,4.88
OPAL,2024-05-07,4.88
OPAL,2024-05-08,4.95
OPAL,2024-05-09,5.0
OPAL,2024-05-10,5.07
OPAL,2024-05-13,4.88
OPAL,2024-05-14,4.9
OPAL,2024-05-15,4.9
OPAL,2024-05-16,4.865
OPAL,2024-05-17,4.95
OPAL,2024-05-20,5.0
OPAL,2024-05-21,4.9
OPAL,2024-05-22,4.85
OPAL,2024-05-23,4.86
OPAL,2024-05-24,4.82
OPAL,2024-05-28,5.03
OPAL,2024-05-29,4.97
OPAL,2024-05-30,4.8
OPAL,2024-05-31,4.83
OPAL,2024-06-03,4.87
OPAL,2024-06-04,4.74
OPAL,2024-06-05,4.66
OPAL,2024-06-06,4.58
OPAL,2024-06-07,4.59
OPAL,2024-06-10,4.54
OPAL,2024-06-11,4.43
OPAL,2024-06-12,4.4
OPAL,2024-06-13,4.35
OPAL,2024-06-14,4.5
OPAL,2024-06-17,4.33
OPAL,2024-06-18,4.27
OPAL,2024-06-20,4.22
OPAL,2024-06-21,4.25
OPAL,2024-06-24,4.2
OPAL,2024-06-25,4.13
OPAL,2024-06-26,4.12
OPAL,2024-06-27,4.15
OPAL,2024-06-28,4.09
OPAL,2024-07-01,4.07
BMEA,2024-04-01,15.3
BMEA,2024-04-02,12.8
BMEA,2024-04-03,13.955
BMEA,2024-04-04,12.605
BMEA,2024-04-05,12.73
BMEA,2024-04-08,12.51
BMEA,2024-04-09,12.8
BMEA,2024-04-10,12.76
BMEA,2024-04-11,13.28
BMEA,2024-04-12,12.98
BMEA,2024-04-15,12.51
BMEA,2024-04-16,11.95
BMEA,2024-04-17,11.5
BMEA,2024-04-18,11.16
BMEA,2024-04-19,10.85
BMEA,2024-04-22,10.83
BMEA,2024-04-23,10.98
BMEA,2024-04-24,10.77
BMEA,2024-04-25,10.47
BMEA,2024-04-26,10.78
BMEA,2024-04-29,10.75
BMEA,2024-04-30,10.74
BMEA,2024-05-01,11.57
BMEA,2024-05-02,11.93
BMEA,2024-05-03,12.35
BMEA,2024-05-06,12.26
BMEA,2024-05-07,12.0
BMEA,2024-05-08,11.07
BMEA,2024-05-09,11.44
BMEA,2024-05-10,10.65
BMEA,2024-05-13,11.45
BMEA,2024-05-14,12.37
BMEA,2024-05-15,13.24
BMEA,2024-05-16,12.78
BMEA,2024-05-17,12.24
BMEA,2024-05-20,12.62
BMEA,2024-05-21,11.58
BMEA,2024-05-22,11.5
BMEA,2024-05-23,11.13
BMEA,2024-05-24,11.0
BMEA,2024-05-28,11.65
BMEA,2024-05-29,10.89
BMEA,2024-05-30,10.46
BMEA,2024-05-31,10.52
BMEA,2024-06-03,10.95
BMEA,2024-06-04,10.95
BMEA,2024-06-05,11.84
BMEA,2024-06-06,11.27
BMEA,2024-06-07,4.14
BMEA,2024-06-10,4.31
BMEA,2024-06-11,4.43
BMEA,2024-06-12,4.63
BMEA,2024-06-13,5.81
BMEA,2024-06-14,5.64
BMEA,2024-06-17,5.09
BMEA,2024-06-18,4.85
BMEA,2024-06-20,5.19
BMEA,2024-06-21,5.26
BMEA,2024-06-24,5.55
BMEA,2024-06-25,5.21
BMEA,2024-06-26,4.45
BMEA,2024-06-27,4.53
BMEA,2024-06-28,4.5
BMEA,2024-07-01,4.42
